Index,KernelName,gpu-id,queue-id,queue-index,pid,tid,grd,wgr,lds,scr,arch_vgpr,accum_vgpr,sgpr,wave_size,sig,obj,SQ_INSTS_SMEM,SQ_INST_LEVEL_SMEM,SQ_ACCUM_PREV_HIRES,DispatchNs,BeginNs,EndNs,CompleteNs
0,Cijk_Ailk_Bljk_SB_MT128x64x16_MI32x32x2x1_SN_1LDSB1_APM1_ABV0_ACED0_AF0EM1_AF1EM1_AMAS3_ASE_ASGT_ASLT_ASAE01_ASCE01_ASEM1_AAC0_BL1_BS1_DTL0_DTVA0_DVO0_ETSP_EPS0_FL0_GRPM1_GRVW4_GSU1_GSUASB_GLS0_ISA90a_IU1_K1_KLA_LBSPP128_LPA0_LPB4_LDL1_LRVW2_LWPMn1_LDW0_MAC_MIAV0_MDA2_MO40_NTA0_NTB0_NTC0_NTD0_NEPBS1_NLCA1_NLCB1_ONLL1_OPLV0_PK0_PAP0_PGR2_PLR9_RK0_SIA3_SS1_SU0_SUM0_SUS0_SCIUI1_SPO0_SRVW0_SSO0_SVW2_SNLL0_TT2_32_TLDS1_USFGROn1_VAW1_VSn1_VW2_WSGRA1_WSGRB1_WS64_WG64_4_1_WGM5.kd,2,0,0,256528,256528,524288,256,12800,0,64,32,80,64,0x0,0x7efc0b331640,24576,12075203,1352492264,5233269908354981,5233299333503305,5233299336915299,5233269921476535
1,"simt_gemm_hidet_kernelv2(float const*, float const*, float*, int, int, int) ",2,0,1,256528,256528,180224,256,10240,0,80,128,48,64,0x0,0x7efc0be81840,11264,24841176,2782319936,5233269919136899,5233299336915299,5233299344173845,5233269928828436
2,"void kernel_gemm_xdl_cshuffle_v1<GridwiseGemm_k0mk1_k0nk1_mn_xdl_cshuffle_v1, true>(GridwiseGemm_k0mk1_k0nk1_mn_xdl_cshuffle_v1<RowMajor, RowMajor, RowMajor, float, float, float, float, float, PassThrough, PassThrough, PassThrough, (GemmSpecialization)0, (InMemoryDataOperationEnum)0, 1, 256, 128, 128, 16, 4, 1, 32, 32, 2, 2, Sequence, Sequence, Sequence, 2, 4, 4, false, 1, Sequence, Sequence, Sequence, 1, 4, 1, false, 0, 1, 1, Sequence, 4, (LoopScheduler)0, (PipelineVersion)0, float, Argument) ",2,0,2,256528,256528,262144,256,16896,0,104,0,32,64,0x0,0x7efc0be35040,20480,12317770,1379780520,5233269921065807,5233299344173845,5233299347665358,5233269932325888
3,_ZN2ck19kernel_gemm_dl_v1r3INS_28GridwiseGemmDl_km_kn_mn_v1r3ILi256EfffLNS_25InMemoryDataOperationEnumE0ENS_16TensorDescriptorINS_5TupleIJNS_5EmbedINS4_IJiiEEENS4_IJiNS_17integral_constantIiLi1EEEEEELb0EEENS_7UnMergeIS9_Lb0EEENS_11PassThroughIiEEEEENS4_IJNS_8SequenceIJLi0EEEENSG_IJLi2EEEENSG_IJLi1EEEEEEENS4_IJNSG_IJLi1ELi2EEEENSG_IJLi3ELi4EEEENSG_IJLi5EEEEEEENSG_IJLi3ELi5ELi4EEEElEENS3_ISF_NS4_IJSH_SJ_SI_EEESO_SP_lEENS3_INS4_IJSA_SE_SE_EEESR_NS4_IJSL_NSG_IJLi3EEEENSG_IJLi4EEEEEEESM_lEELi128ELi128ELi16ELi1ELi4ELi4ELi1ENSG_IJLi8ELi2EEEESY_NSG_IJLi8ELi1ELi1ELi1EEEENSG_IJLi2ELi1ELi128ELi1EEEENSG_IJLi1ELi2ELi0ELi3EEEES11_NSG_IJLi4ELi1ELi1ELi1EEEES11_NSG_IJLi1ELi1ELi1ELi1EEEENSG_IJLi2ELi1ELi4ELi1EEEENSG_IJLi8ELi1ELi32ELi1EEEENSG_IJLi0ELi3ELi1ELi2EEEES16_NSG_IJLi1ELi1ELi4ELi1EEEES16_S17_NSG_IJLi0ELi1ELi2ELi3ELi4ELi5EEEELi5ELi4EEEffNS3_INS4_IJSA_SC_SE_SE_NSB_INS4_IJiNS7_IiLi128EEEEEELb0EEENSD_IS8_EEEEENS4_IJSH_SI_SJ_SU_SN_SV_EEENS4_IJSL_SM_SN_NSG_IJLi6EEEENSG_IJLi7ELi8EEEENSG_IJLi9EEEEEEENSG_IJLi6ELi7ELi8ELi9EEEElEENS3_IS1E_NS4_IJSH_SJ_SI_SU_SN_SV_EEES1J_S1K_lEENS3_INS4_IJSA_SE_SE_NSB_INS4_IJiNS7_IiLi2EEENS7_IiLi64EEEEEELb0EEES1R_EEENS4_IJSH_SJ_SI_SU_SV_EEENS4_IJSL_SU_SV_NSG_IJLi5ELi6ELi7EEEENSG_IJLi8ELi9ELi10EEEEEEENSG_IJLi5ELi6ELi7ELi8ELi9ELi10EEEElEENS_31BlockToCTileMap_M00_N00_M01_N01ILi128ELi128ESX_Lb0EEELb1ELb1EEEvPKT0_S23_PT1_T2_T3_T4_T5_.kd,2,0,3,256528,256528,262144,256,32768,0,120,0,48,64,0x0,0x7efc0b6c63c0,57344,25686616,2877200488,5233269922035000,5233299347665358,5233299354991425,5233269939690674
4,"mfma_f32_16x16x4f32_gemm_kernel(float const*, float const*, float*, int, int, int) ",2,0,4,256528,256528,524288,256,6144,0,60,4,32,64,0x0,0x7efc0be78d40,24576,19356350,2167922224,5233269922911840,5233299354991425,5233299360573175,5233269945323430
5,_kernel_0d1d2d3d4d5d6d7c8d9c10d11c.kd,2,0,5,256528,256528,1048576,256,61440,0,128,16,48,64,0x0,0x7efc0be18680,65536,82684094,9260601840,5233269938594754,5233299360573175,5233299383293135,5233269968056402
6,"void elementwise_kernel<FillFunctor, Array >(int, FillFunctor<int>, Array<char*, 1>) ",2,0,8,256528,256528,16000000,256,0,0,4,4,16,64,0x0,0x7efc0b1993c0,250000,947948,106089592,5233269971090587,5233299386347689,5233299386527689,5233269971372945
7,_kernel_0d1d2d3d4d5d6d7c8d9c10d11c.kd,2,0,9,256528,256528,1048576,256,61440,0,128,16,48,64,0x0,0x7efc0be18680,65536,82666598,9258815456,5233269971274160,5233299386527772,5233299409251897,5233269994225671
8,"void elementwise_kernel<FillFunctor, Array >(int, FillFunctor<int>, Array<char*, 1>) ",2,0,10,256528,256528,16000000,256,0,0,4,4,16,64,0x0,0x7efc0b1993c0,250000,1152870,129168872,5233269971369298,5233299409251897,5233299409432055,5233269994370882
9,_kernel_0d1d2d3d4d5d6d7c8d9c10d11c.kd,2,0,11,256528,256528,1048576,256,61440,0,128,16,48,64,0x0,0x7efc0be18680,65536,82649032,9256644088,5233269971515321,5233299409432055,5233299432128180,5233270017082574
10,"void elementwise_kernel<FillFunctor, Array >(int, FillFunctor<int>, Array<char*, 1>) ",2,0,12,256528,256528,16000000,256,0,0,4,4,16,64,0x0,0x7efc0b1993c0,250000,1433778,160582776,5233269971614887,5233299432128180,5233299432304500,5233270017287247
11,_kernel_0d1d2d3d4d5d6d7c8d9c10d11c.kd,2,0,13,256528,256528,1048576,256,61440,0,128,16,48,64,0x0,0x7efc0be18680,65536,82620842,9253482648,5233269971745742,5233299432304500,5233299455006385,5233270040032121
12,"void elementwise_kernel<FillFunctor, Array >(int, FillFunctor<int>, Array<char*, 1>) ",2,0,14,256528,256528,16000000,256,0,0,4,4,16,64,0x0,0x7efc0b1993c0,250000,1506642,168979232,5233269971834899,5233299455006385,5233299455183505,5233270040237696
13,_kernel_0d1d2d3d4d5d6d7c8d9c10d11c.kd,2,0,15,256528,256528,1048576,256,61440,0,128,16,48,64,0x0,0x7efc0be18680,65536,82591092,9250162848,5233269971962187,5233299455183506,5233299477888431,5233270062973663
14,"void elementwise_kernel<FillFunctor, Array >(int, FillFunctor<int>, Array<char*, 1>) ",2,0,16,256528,256528,16000000,256,0,0,4,4,16,64,0x0,0x7efc0b1993c0,250000,1521074,170303392,5233269972050532,5233299477888431,5233299478065549,5233270063177324
15,_kernel_0d1d2d3d4d5d6d7c8d9c10d11c.kd,2,0,17,256528,256528,1048576,256,61440,0,128,16,48,64,0x0,0x7efc0be18680,65536,82632828,9255086952,5233269972176949,5233299478065549,5233299500772714,5233270085923490
16,_kernel_0d1d2d3d4d5d6d7c8d9c10d11c.kd,2,0,19,256528,256528,1048576,256,61440,0,128,16,48,64,0x0,0x7efc0be18680,65536,82591228,9250355528,5233270086043554,5233299500881194,5233299523596999,5233270108946173
17,"void elementwise_kernel<FillFunctor, Array >(int, FillFunctor<int>, Array<char*, 1>) ",2,0,20,256528,256528,16000000,256,0,0,4,4,16,64,0x0,0x7efc0b1993c0,250000,1365970,153153984,5233270086179458,5233299523596999,5233299523771719,5233270109089110
18,_kernel_0d1d2d3d4d5d6d7c8d9c10d11c.kd,2,0,22,256528,256528,1048576,256,61440,0,128,16,48,64,0x0,0x7efc0be18680,65536,82622728,9253675952,5233270086340710,5233299523785124,5233299546488936,5233270131845195
19,"void elementwise_kernel<FillFunctor, Array >(int, FillFunctor<int>, Array<char*, 1>) ",2,0,24,256528,256528,16000000,256,0,0,4,4,16,64,0x0,0x7efc0b1993c0,250000,1422226,159329584,5233270086459081,5233299546499974,5233299546679814,5233270132057603
20,_kernel_0d1d2d3d4d5d6d7c8d9c10d11c.kd,2,0,26,256528,256528,1048576,256,61440,0,128,16,48,64,0x0,0x7efc0be18680,65536,82636168,9255296672,5233270086617448,5233299546691974,5233299569394825,5233270154804550
21,"void elementwise_kernel<FillFunctor, Array >(int, FillFunctor<int>, Array<char*, 1>) ",2,0,28,256528,256528,16000000,256,0,0,4,4,16,64,0x0,0x7efc0b1993c0,250000,1480420,165844072,5233270086734977,5233299569405705,5233299569586345,5233270155017438
22,_kernel_0d1d2d3d4d5d6d7c8d9c10d11c.kd,2,0,30,256528,256528,1048576,256,61440,0,128,16,48,64,0x0,0x7efc0be18680,65536,82554274,9246145648,5233270086888835,5233299569598345,5233299592312876,5233270177755419
23,"void elementwise_kernel<FillFunctor, Array >(int, FillFunctor<int>, Array<char*, 1>) ",2,0,32,256528,256528,16000000,256,0,0,4,4,16,64,0x0,0x7efc0b1993c0,250000,1590708,178249248,5233270087003831,5233299592323756,5233299592497676,5233270177967045
24,_kernel_0d1d2d3d4d5d6d7c8d9c10d11c.kd,2,0,34,256528,256528,1048576,256,61440,0,128,16,48,64,0x0,0x7efc0be18680,65536,82578610,9248655376,5233270087156626,5233299592509401,5233299615215928,5233270200719002
25,_kernel_0d1d2d3d4d5d6d7c8d9c10d11c.kd,2,0,36,256528,256528,1048576,256,40960,0,112,16,32,64,0x0,0x7efc0be08680,65536,83096654,9306852696,5233270210019569,5233299623270154,5233299646094760,5233270233029889
26,"void elementwise_kernel<FillFunctor, Array >(int, FillFunctor<int>, Array<char*, 1>) ",2,0,39,256528,256528,16000000,256,0,0,4,4,16,64,0x0,0x7efc0b1993c0,250000,957714,107333048,5233270233047952,5233299646190920,5233299646366760,5233270233403838
27,_kernel_0d1d2d3d4d5d6d7c8d9c10d11c.kd,2,0,40,256528,256528,1048576,256,40960,0,112,16,32,64,0x0,0x7efc0be08680,65536,83100124,9307009488,5233270233288012,5233299646366760,5233299669201926,5233270256336083
28,"void elementwise_kernel<FillFunctor, Array >(int, FillFunctor<int>, Array<char*, 1>) ",2,0,41,256528,256528,16000000,256,0,0,4,4,16,64,0x0,0x7efc0b1993c0,250000,1496736,167628088,5233270233381687,5233299669201926,5233299669378406,5233270256482566
29,_kernel_0d1d2d3d4d5d6d7c8d9c10d11c.kd,2,0,42,256528,256528,1048576,256,40960,0,112,16,32,64,0x0,0x7efc0be08680,65536,83073194,9304399368,5233270233521378,5233299669378548,5233299692213240,5233270279343086
30,"void elementwise_kernel<FillFunctor, Array >(int, FillFunctor<int>, Array<char*, 1>) ",2,0,43,256528,256528,16000000,256,0,0,4,4,16,64,0x0,0x7efc0b1993c0,250000,1539310,172303744,5233270233620043,5233299692213240,5233299692390038,5233270279544734
31,_kernel_0d1d2d3d4d5d6d7c8d9c10d11c.kd,2,0,44,256528,256528,1048576,256,40960,0,112,16,32,64,0x0,0x7efc0be08680,65536,83062584,9303142080,5233270233750927,5233299692390038,5233299715232570,5233270302408911
32,"void elementwise_kernel<FillFunctor, Array >(int, FillFunctor<int>, Array<char*, 1>) ",2,0,45,256528,256528,16000000,256,0,0,4,4,16,64,0x0,0x7efc0b1993c0,250000,1534726,171975752,5233270233840365,5233299715232570,5233299715407609,5233270302615207
33,_kernel_0d1d2d3d4d5d6d7c8d9c10d11c.kd,2,0,46,256528,256528,1048576,256,40960,0,112,16,32,64,0x0,0x7efc0be08680,65536,83097750,9306968896,5233270233972191,5233299715407609,5233299738231581,5233270325468834
34,"void elementwise_kernel<FillFunctor, Array >(int, FillFunctor<int>, Array<char*, 1>) ",2,0,47,256528,256528,16000000,256,0,0,4,4,16,64,0x0,0x7efc0b1993c0,250000,1299522,145580816,5233270234059234,5233299738231581,5233299738406780,5233270325673106
35,_kernel_0d1d2d3d4d5d6d7c8d9c10d11c.kd,2,0,48,256528,256528,1048576,256,40960,0,112,16,32,64,0x0,0x7efc0be08680,65536,83070984,9303979376,5233270234199937,5233299738406752,5233299761234723,5233270348541110
36,_kernel_0d1d2d3d4d5d6d7c8d9c10d11c.kd,2,0,50,256528,256528,1048576,256,40960,0,112,16,32,64,0x0,0x7efc0be08680,65536,83085602,9305668192,5233270348655634,5233299761336481,5233299784171172,5233270371684409
37,"void elementwise_kernel<FillFunctor, Array >(int, FillFunctor<int>, Array<char*, 1>) ",2,0,51,256528,256528,16000000,256,0,0,4,4,16,64,0x0,0x7efc0b1993c0,250000,1563138,175097888,5233270348786389,5233299784171172,5233299784347331,5233270371830262
38,_kernel_0d1d2d3d4d5d6d7c8d9c10d11c.kd,2,0,53,256528,256528,1048576,256,40960,0,112,16,32,64,0x0,0x7efc0be08680,65536,83047934,9301294624,5233270348944955,5233299784360611,5233299807175142,5233270394703626
39,"void elementwise_kernel<FillFunctor, Array >(int, FillFunctor<int>, Array<char*, 1>) ",2,0,55,256528,256528,16000000,256,0,0,4,4,16,64,0x0,0x7efc0b1993c0,250000,1433202,160584784,5233270349063637,5233299807186022,5233299807363621,5233270394916434
40,_kernel_0d1d2d3d4d5d6d7c8d9c10d11c.kd,2,0,57,256528,256528,1048576,256,40960,0,112,16,32,64,0x0,0x7efc0be08680,65536,83101318,9307296912,5233270349222214,5233299807376112,5233299830208568,5233270417793966
41,"void elementwise_kernel<FillFunctor, Array >(int, FillFunctor<int>, Array<char*, 1>) ",2,0,59,256528,256528,16000000,256,0,0,4,4,16,64,0x0,0x7efc0b1993c0,250000,1461746,163871088,5233270349336367,5233299830219606,5233299830396726,5233270418004951
42,_kernel_0d1d2d3d4d5d6d7c8d9c10d11c.kd,2,0,61,256528,256528,1048576,256,40960,0,112,16,32,64,0x0,0x7efc0be08680,65536,83068378,9303831776,5233270349490536,5233299830408886,5233299853232062,5233270440874508
43,"void elementwise_kernel<FillFunctor, Array >(int, FillFunctor<int>, Array<char*, 1>) ",2,0,63,256528,256528,16000000,256,0,0,4,4,16,64,0x0,0x7efc0b1993c0,250000,1572068,176037456,5233270349603237,5233299853242782,5233299853418942,5233270441085453
44,_kernel_0d1d2d3d4d5d6d7c8d9c10d11c.kd,2,0,65,256528,256528,1048576,256,40960,0,112,16,32,64,0x0,0x7efc0be08680,65536,83099240,9307203272,5233270349758607,5233299853430942,5233299876258757,5233270463962864
45,"void elementwise_kernel<FillFunctor, Array >(int, FillFunctor<float>, Array<char*, 1>) ",2,0,67,256528,256528,4194304,256,0,0,4,4,16,64,0x0,0x7efc0b1998c0,65536,388524,43477536,5233270464183998,5233299876462917,5233299876511557,5233270464386486
46,_kernel_0d1d2d3d4d5d6d7c8d9c10d11c.kd,2,0,68,256528,256528,2097152,256,61440,0,128,16,48,64,0x0,0x7efc0b720680,131072,82207698,9207150576,5233270471157882,5233299882445318,5233299905041143,5233270493931500
47,"void elementwise_kernel<FillFunctor, Array >(int, FillFunctor<int>, Array<char*, 1>) ",2,0,71,256528,256528,16000000,256,0,0,4,4,16,64,0x0,0x7efc0b1993c0,250000,965496,108221256,5233270493941428,5233299905118261,5233299905303701,5233270494326829
48,"void elementwise_kernel<FillFunctor, Array >(int, FillFunctor<float>, Array<char*, 1>) ",2,0,72,256528,256528,4194304,256,0,0,4,4,16,64,0x0,0x7efc0b1998c0,65536,599034,67214112,5233270494151792,5233299905303701,5233299905355861,5233270494420444
49,_kernel_0d1d2d3d4d5d6d7c8d9c10d11c.kd,2,0,73,256528,256528,2097152,256,61440,0,128,16,48,64,0x0,0x7efc0b720680,131072,82185386,9204905040,5233270494297685,5233299905355861,5233299927952006,5233270517084587
50,"void elementwise_kernel<FillFunctor, Array >(int, FillFunctor<int>, Array<char*, 1>) ",2,0,74,256528,256528,16000000,256,0,0,4,4,16,64,0x0,0x7efc0b1993c0,250000,1605906,179942680,5233270494389897,5233299927952006,5233299928132486,5233270517229648
51,"void elementwise_kernel<FillFunctor, Array >(int, FillFunctor<float>, Array<char*, 1>) ",2,0,75,256528,256528,4194304,256,0,0,4,4,16,64,0x0,0x7efc0b1998c0,65536,509224,57154008,5233270494585764,5233299928132486,5233299928184486,5233270517316711
52,_kernel_0d1d2d3d4d5d6d7c8d9c10d11c.kd,2,0,76,256528,256528,2097152,256,61440,0,128,16,48,64,0x0,0x7efc0b720680,131072,82222008,9209096272,5233270494721618,5233299928184486,5233299950762710,5233270539927524
53,"void elementwise_kernel<FillFunctor, Array >(int, FillFunctor<int>, Array<char*, 1>) ",2,0,77,256528,256528,16000000,256,0,0,4,4,16,64,0x0,0x7efc0b1993c0,250000,1565040,175301432,5233270494810945,5233299950762710,5233299950939350,5233270540133970
54,"void elementwise_kernel<FillFunctor, Array >(int, FillFunctor<float>, Array<char*, 1>) ",2,0,78,256528,256528,4194304,256,0,0,4,4,16,64,0x0,0x7efc0b1998c0,65536,1001176,112140712,5233270494892988,5233299950939350,5233299950987510,5233270540213078
55,_kernel_0d1d2d3d4d5d6d7c8d9c10d11c.kd,2,0,79,256528,256528,2097152,256,61440,0,128,16,48,64,0x0,0x7efc0b720680,131072,82159798,9201918400,5233270495025576,5233299950987096,5233299973562751,5233270562832107
56,"void elementwise_kernel<FillFunctor, Array >(int, FillFunctor<int>, Array<char*, 1>) ",2,0,80,256528,256528,16000000,256,0,0,4,4,16,64,0x0,0x7efc0b1993c0,250000,1500050,168040000,5233270495133027,5233299973562751,5233299973738909,5233270563034535
57,"void elementwise_kernel<FillFunctor, Array >(int, FillFunctor<float>, Array<char*, 1>) ",2,0,81,256528,256528,4194304,256,0,0,4,4,16,64,0x0,0x7efc0b1998c0,65536,772854,86705384,5233270495212486,5233299973738909,5233299973790109,5233270563111540
58,_kernel_0d1d2d3d4d5d6d7c8d9c10d11c.kd,2,0,82,256528,256528,2097152,256,61440,0,128,16,48,64,0x0,0x7efc0b720680,131072,82234382,9210263920,5233270495348520,5233299973790109,5233299996374243,5233270585731630
59,"void elementwise_kernel<FillFunctor, Array >(int, FillFunctor<int>, Array<char*, 1>) ",2,0,83,256528,256528,16000000,256,0,0,4,4,16,64,0x0,0x7efc0b1993c0,250000,1345736,150753296,5233270495439621,5233299996374243,5233299996552323,5233270585940110
60,"void elementwise_kernel<FillFunctor, Array >(int, FillFunctor<float>, Array<char*, 1>) ",2,0,84,256528,256528,4194304,256,0,0,4,4,16,64,0x0,0x7efc0b1998c0,65536,783470,87769336,5233270495521434,5233299996552323,5233299996600643,5233270586017765
61,_kernel_0d1d2d3d4d5d6d7c8d9c10d11c.kd,2,0,85,256528,256528,2097152,256,61440,0,128,16,48,64,0x0,0x7efc0b720680,131072,82123084,9197713112,5233270495652669,5233299996600643,5233300019179177,5233270608628137
62,"void elementwise_kernel<FillFunctor, Array >(int, FillFunctor<float>, Array<char*, 1>) ",2,0,87,256528,256528,4194304,256,0,0,4,4,16,64,0x0,0x7efc0b1998c0,65536,344896,38717432,5233270608699391,5233300019241417,5233300019288297,5233270608902160
63,_kernel_0d1d2d3d4d5d6d7c8d9c10d11c.kd,2,0,88,256528,256528,2097152,256,61440,0,128,16,48,64,0x0,0x7efc0b720680,131072,82144284,9200007176,5233270608912178,5233300019312746,5233300041894644,5233270631736461
64,"void elementwise_kernel<FillFunctor, Array >(int, FillFunctor<int>, Array<char*, 1>) ",2,0,89,256528,256528,16000000,256,0,0,4,4,16,64,0x0,0x7efc0b1993c0,250000,1562552,175141560,5233270609084090,5233300041894644,5233300042070642,5233270631869540
65,"void elementwise_kernel<FillFunctor, Array >(int, FillFunctor<float>, Array<char*, 1>) ",2,0,91,256528,256528,4194304,256,0,0,4,4,16,64,0x0,0x7efc0b1998c0,65536,863696,96763168,5233270609201089,5233300042083922,5233300042132402,5233270631964577
66,_kernel_0d1d2d3d4d5d6d7c8d9c10d11c.kd,2,0,92,256528,256528,2097152,256,61440,0,128,16,48,64,0x0,0x7efc0b720680,131072,82175776,9204004528,5233270609341912,5233300042132402,5233300064708859,5233270654583776
67,"void elementwise_kernel<FillFunctor, Array >(int, FillFunctor<int>, Array<char*, 1>) ",2,0,94,256528,256528,16000000,256,0,0,4,4,16,64,0x0,0x7efc0b1993c0,250000,1309300,146497400,5233270609456927,5233300064720219,5233300064897979,5233270654795472
68,"void elementwise_kernel<FillFunctor, Array >(int, FillFunctor<float>, Array<char*, 1>) ",2,0,96,256528,256528,4194304,256,0,0,4,4,16,64,0x0,0x7efc0b1998c0,65536,784206,87831904,5233270609566032,5233300064909979,5233300064957499,5233270654879419
69,_kernel_0d1d2d3d4d5d6d7c8d9c10d11c.kd,2,0,97,256528,256528,2097152,256,61440,0,128,16,48,64,0x0,0x7efc0b720680,131072,82196928,9206399848,5233270609700483,5233300064957499,5233300087537476,5233270677502625
70,"void elementwise_kernel<FillFunctor, Array >(int, FillFunctor<int>, Array<char*, 1>) ",2,0,99,256528,256528,16000000,256,0,0,4,4,16,64,0x0,0x7efc0b1993c0,250000,1525190,170984312,5233270609816670,5233300087548836,5233300087724356,5233270677717297
71,"void elementwise_kernel<FillFunctor, Array >(int, FillFunctor<float>, Array<char*, 1>) ",2,0,101,256528,256528,4194304,256,0,0,4,4,16,64,0x0,0x7efc0b1998c0,65536,965304,108134064,5233270609927437,5233300087736516,5233300087782596,5233270677803348
72,_kernel_0d1d2d3d4d5d6d7c8d9c10d11c.kd,2,0,102,256528,256528,2097152,256,61440,0,128,16,48,64,0x0,0x7efc0b720680,131072,82203604,9206966704,5233270610064013,5233300087782583,5233300110373920,5233270700433458
73,"void elementwise_kernel<FillFunctor, Array >(int, FillFunctor<int>, Array<char*, 1>) ",2,0,104,256528,256528,16000000,256,0,0,4,4,16,64,0x0,0x7efc0b1993c0,250000,1440944,161682120,5233270610205367,5233300110385278,5233300110563038,5233270700643811
74,"void elementwise_kernel<FillFunctor, Array >(int, FillFunctor<float>, Array<char*, 1>) ",2,0,106,256528,256528,4194304,256,0,0,4,4,16,64,0x0,0x7efc0b1998c0,65536,817438,91756152,5233270610315664,5233300110575038,5233300110623518,5233270700727237
75,_kernel_0d1d2d3d4d5d6d7c8d9c10d11c.kd,2,0,107,256528,256528,2097152,256,61440,0,128,16,48,64,0x0,0x7efc0b720680,131072,82189894,9205242464,5233270610450015,5233300110623518,5233300133213415,5233270723348610
76,"void elementwise_kernel<FillFunctor, Array >(int, FillFunctor<float>, Array<char*, 1>) ",2,0,109,256528,256528,4194304,256,0,0,4,4,16,64,0x0,0x7efc0b1998c0,65536,347558,38942896,5233270723565335,5233300133409735,5233300133456775,5233270723759488
77,_kernel_0d1d2d3d4d5d6d7c8d9c10d11c.kd,2,0,110,256528,256528,2097152,256,40960,0,116,20,32,64,0x0,0x7efc0b6d8680,131072,82733000,9266388480,5233270729964565,5233300139158529,5233300161881546,5233270752870329
78,"void elementwise_kernel<FillFunctor, Array >(int, FillFunctor<int>, Array<char*, 1>) ",2,0,113,256528,256528,16000000,256,0,0,4,4,16,64,0x0,0x7efc0b1993c0,250000,957070,107333304,5233270752888113,5233300161967786,5233300162144585,5233270753239380
79,"void elementwise_kernel<FillFunctor, Array >(int, FillFunctor<float>, Array<char*, 1>) ",2,0,114,256528,256528,4194304,256,0,0,4,4,16,64,0x0,0x7efc0b1998c0,65536,518078,58094680,5233270753064713,5233300162144585,5233300162193065,5233270753329328
80,_kernel_0d1d2d3d4d5d6d7c8d9c10d11c.kd,2,0,115,256528,256528,2097152,256,40960,0,116,20,32,64,0x0,0x7efc0b6d8680,131072,82752022,9268132816,5233270753209213,5233300162193185,5233300184906445,5233270776142199
81,"void elementwise_kernel<FillFunctor, Array >(int, FillFunctor<int>, Array<char*, 1>) ",2,0,116,256528,256528,16000000,256,0,0,4,4,16,64,0x0,0x7efc0b1993c0,250000,1571434,176164696,5233270753304121,5233300184906445,5233300185084843,5233270776286980
82,"void elementwise_kernel<FillFunctor, Array >(int, FillFunctor<float>, Array<char*, 1>) ",2,0,117,256528,256528,4194304,256,0,0,4,4,16,64,0x0,0x7efc0b1998c0,65536,918144,102951024,5233270753497082,5233300185084843,5233300185136043,5233270776373291
83,_kernel_0d1d2d3d4d5d6d7c8d9c10d11c.kd,2,0,118,256528,256528,2097152,256,40960,0,116,20,32,64,0x0,0x7efc0b6d8680,131072,82703204,9262739560,5233270753633767,5233300185136043,5233300207872342,5233270799115630
84,"void elementwise_kernel<FillFunctor, Array >(int, FillFunctor<int>, Array<char*, 1>) ",2,0,119,256528,256528,16000000,256,0,0,4,4,16,64,0x0,0x7efc0b1993c0,250000,1582032,177256824,5233270753723034,5233300207872342,5233300208050102,5233270799331264
85,"void elementwise_kernel<FillFunctor, Array >(int, FillFunctor<float>, Array<char*, 1>) ",2,0,120,256528,256528,4194304,256,0,0,4,4,16,64,0x0,0x7efc0b1998c0,65536,751636,84273944,5233270753805719,5233300208050102,5233300208098262,5233270799409811
86,_kernel_0d1d2d3d4d5d6d7c8d9c10d11c.kd,2,0,121,256528,256528,2097152,256,40960,0,116,20,32,64,0x0,0x7efc0b6d8680,131072,82715780,9263956248,5233270753935642,5233300208098262,5233300230832001,5233270822170844
87,"void elementwise_kernel<FillFunctor, Array >(int, FillFunctor<int>, Array<char*, 1>) ",2,0,122,256528,256528,16000000,256,0,0,4,4,16,64,0x0,0x7efc0b1993c0,250000,1566310,175494472,5233270754024328,5233300230832001,5233300231008161,5233270822378733
88,"void elementwise_kernel<FillFunctor, Array >(int, FillFunctor<float>, Array<char*, 1>) ",2,0,123,256528,256528,4194304,256,0,0,4,4,16,64,0x0,0x7efc0b1998c0,65536,708746,79488440,5233270754133672,5233300231008161,5233300231056961,5233270822455697
89,_kernel_0d1d2d3d4d5d6d7c8d9c10d11c.kd,2,0,124,256528,256528,2097152,256,40960,0,116,20,32,64,0x0,0x7efc0b6d8680,131072,82754424,9268777416,5233270754263325,5233300231057079,5233300253786821,5233270845220558
90,"void elementwise_kernel<FillFunctor, Array >(int, FillFunctor<int>, Array<char*, 1>) ",2,0,125,256528,256528,16000000,256,0,0,4,4,16,64,0x0,0x7efc0b1993c0,250000,1464718,164116296,5233270754351350,5233300253786821,5233300253964579,5233270845422045
91,"void elementwise_kernel<FillFunctor, Array >(int, FillFunctor<float>, Array<char*, 1>) ",2,0,126,256528,256528,4194304,256,0,0,4,4,16,64,0x0,0x7efc0b1998c0,65536,952802,106756976,5233270754430367,5233300253964579,5233300254012099,5233270845500392
92,_kernel_0d1d2d3d4d5d6d7c8d9c10d11c.kd,2,0,127,256528,256528,2097152,256,40960,0,116,20,32,64,0x0,0x7efc0b6d8680,131072,82751782,9268073856,5233270754557836,5233300254012099,5233300276730481,5233270868262628
93,"void elementwise_kernel<FillFunctor, Array >(int, FillFunctor<float>, Array<char*, 1>) ",2,0,129,256528,256528,4194304,256,0,0,4,4,16,64,0x0,0x7efc0b1998c0,65536,354648,39881928,5233270868330084,5233300276791601,5233300276839281,5233270868523516
94,_kernel_0d1d2d3d4d5d6d7c8d9c10d11c.kd,2,0,130,256528,256528,2097152,256,40960,0,116,20,32,64,0x0,0x7efc0b6d8680,131072,82696824,9262046632,5233270868533705,5233300276860561,5233300299578782,5233270891501666
95,"void elementwise_kernel<FillFunctor, Array >(int, FillFunctor<int>, Array<char*, 1>) ",2,0,131,256528,256528,16000000,256,0,0,4,4,16,64,0x0,0x7efc0b1993c0,250000,1431960,160525744,5233270868708332,5233300299578782,5233300299755742,5233270891640566
96,"void elementwise_kernel<FillFunctor, Array >(int, FillFunctor<float>, Array<char*, 1>) ",2,0,133,256528,256528,4194304,256,0,0,4,4,16,64,0x0,0x7efc0b1998c0,65536,760400,85294376,5233270868826803,5233300299769182,5233300299816542,5233270891726707
97,_kernel_0d1d2d3d4d5d6d7c8d9c10d11c.kd,2,0,134,256528,256528,2097152,256,40960,0,116,20,32,64,0x0,0x7efc0b6d8680,131072,82718014,9264470512,5233270868967296,5233300299816554,5233300322536376,5233270914487881
98,"void elementwise_kernel<FillFunctor, Array >(int, FillFunctor<int>, Array<char*, 1>) ",2,0,136,256528,256528,16000000,256,0,0,4,4,16,64,0x0,0x7efc0b1993c0,250000,1589816,178257056,5233270869083674,5233300322547894,5233300322730934,5233270914698455
99,"void elementwise_kernel<FillFunctor, Array >(int, FillFunctor<float>, Array<char*, 1>) ",2,0,138,256528,256528,4194304,256,0,0,4,4,16,64,0x0,0x7efc0b1998c0,65536,564048,63321808,5233270869201484,5233300322742934,5233300322790614,5233270914783995
100,_kernel_0d1d2d3d4d5d6d7c8d9c10d11c.kd,2,0,139,256528,256528,2097152,256,40960,0,116,20,32,64,0x0,0x7efc0b6d8680,131072,82750156,9268200568,5233270869341276,5233300322790614,5233300345509636,5233270937547143
101,"void elementwise_kernel<FillFunctor, Array >(int, FillFunctor<int>, Array<char*, 1>) ",2,0,141,256528,256528,16000000,256,0,0,4,4,16,64,0x0,0x7efc0b1993c0,250000,1488570,166980576,5233270869458525,5233300345521156,5233300345694916,5233270937763127
102,"void elementwise_kernel<FillFunctor, Array >(int, FillFunctor<float>, Array<char*, 1>) ",2,0,143,256528,256528,4194304,256,0,0,4,4,16,64,0x0,0x7efc0b1998c0,65536,845774,94715968,5233270869571086,5233300345706916,5233300345753156,5233270937849488
103,_kernel_0d1d2d3d4d5d6d7c8d9c10d11c.kd,2,0,144,256528,256528,2097152,256,40960,0,116,20,32,64,0x0,0x7efc0b6d8680,131072,82760574,9269346168,5233270869707200,5233300345753156,5233300368475857,5233270960618127
104,"void elementwise_kernel<FillFunctor, Array >(int, FillFunctor<int>, Array<char*, 1>) ",2,0,146,256528,256528,16000000,256,0,0,4,4,16,64,0x0,0x7efc0b1993c0,250000,1588596,178114064,5233270869820923,5233300368487377,5233300368661777,5233270960833039
105,"void elementwise_kernel<FillFunctor, Array >(int, FillFunctor<float>, Array<char*, 1>) ",2,0,148,256528,256528,4194304,256,0,0,4,4,16,64,0x0,0x7efc0b1998c0,65536,964014,108049728,5233270869929776,5233300368674097,5233300368722257,5233270960919360
106,_kernel_0d1d2d3d4d5d6d7c8d9c10d11c.kd,2,0,149,256528,256528,2097152,256,40960,0,116,20,32,64,0x0,0x7efc0b6d8680,131072,82786856,9272213288,5233270870065390,5233300368722473,5233300391440379,5233270983690704
107,"void elementwise_kernel<FillFunctor, Array >(int, FillFunctor<float>, Array<char*, 1>) ",2,0,151,256528,256528,4194304,256,0,0,4,4,16,64,0x0,0x7efc0b1998c0,65536,355060,39789144,5233270983900726,5233300391630937,5233300391679417,5233270984090872
108,_kernel_0d1d2d3d4d5d6d7c8d9c10d11c.kd,2,0,152,256528,256528,4194304,256,61440,0,128,16,48,64,0x0,0x7efc0b698680,262144,83684622,9372991488,5233270990848632,5233300397562134,5233300420524839,5233271014003663
109,"void elementwise_kernel<FillFunctor, Array >(int, FillFunctor<int>, Array<char*, 1>) ",2,0,155,256528,256528,16000000,256,0,0,4,4,16,64,0x0,0x7efc0b1993c0,250000,973592,109056296,5233271014021356,5233300420618759,5233300420797319,5233271014378124
110,"void elementwise_kernel<FillFunctor, Array >(int, FillFunctor<float>, Array<char*, 1>) ",2,0,156,256528,256528,4194304,256,0,0,4,4,16,64,0x0,0x7efc0b1998c0,65536,668148,74935344,5233271014203226,5233300420797319,5233300420847399,5233271014474774
111,_kernel_0d1d2d3d4d5d6d7c8d9c10d11c.kd,2,0,157,256528,256528,4194304,256,61440,0,128,16,48,64,0x0,0x7efc0b698680,262144,83538414,9356928288,5233271014345452,5233300420847399,5233300443794424,5233271037491297
112,"void elementwise_kernel<FillFunctor, Array >(int, FillFunctor<int>, Array<char*, 1>) ",2,0,158,256528,256528,16000000,256,0,0,4,4,16,64,0x0,0x7efc0b1993c0,250000,1591474,178285424,5233271014452042,5233300443794424,5233300443974104,5233271037635476
113,"void elementwise_kernel<FillFunctor, Array >(int, FillFunctor<float>, Array<char*, 1>) ",2,0,159,256528,256528,4194304,256,0,0,4,4,16,64,0x0,0x7efc0b1998c0,65536,844868,94791368,5233271014639813,5233300443974104,5233300444024664,5233271037719994
114,_kernel_0d1d2d3d4d5d6d7c8d9c10d11c.kd,2,0,160,256528,256528,4194304,256,61440,0,128,16,48,64,0x0,0x7efc0b698680,262144,83616544,9365093048,5233271014778553,5233300444024520,5233300466973943,5233271060714475
115,"void elementwise_kernel<FillFunctor, Array >(int, FillFunctor<int>, Array<char*, 1>) ",2,0,161,256528,256528,16000000,256,0,0,4,4,16,64,0x0,0x7efc0b1993c0,250000,1338922,150033680,5233271014868030,5233300466973943,5233300467151061,5233271060918447
116,"void elementwise_kernel<FillFunctor, Array >(int, FillFunctor<float>, Array<char*, 1>) ",2,0,162,256528,256528,4194304,256,0,0,4,4,16,64,0x0,0x7efc0b1998c0,65536,754244,84592080,5233271014948611,5233300467151061,5233300467200341,5233271060995601
117,_kernel_0d1d2d3d4d5d6d7c8d9c10d11c.kd,2,0,163,256528,256528,4194304,256,61440,0,128,16,48,64,0x0,0x7efc0b698680,262144,83566746,9359153512,5233271015080547,5233300467200341,5233300490153444,5233271083973310
118,"void elementwise_kernel<FillFunctor, Array >(int, FillFunctor<int>, Array<char*, 1>) ",2,0,164,256528,256528,16000000,256,0,0,4,4,16,64,0x0,0x7efc0b1993c0,250000,1507536,168941064,5233271015166498,5233300490153444,5233300490332644,5233271084178334
119,"void elementwise_kernel<FillFunctor, Array >(int, FillFunctor<float>, Array<char*, 1>) ",2,0,165,256528,256528,4194304,256,0,0,4,4,16,64,0x0,0x7efc0b1998c0,65536,760670,85120608,5233271015265453,5233300490332644,5233300490380484,5233271084255268
120,_kernel_0d1d2d3d4d5d6d7c8d9c10d11c.kd,2,0,166,256528,256528,4194304,256,61440,0,128,16,48,64,0x0,0x7efc0b698680,262144,83707738,9375570032,5233271015395106,5233300490380484,5233300513351187,5233271107262663
121,"void elementwise_kernel<FillFunctor, Array >(int, FillFunctor<int>, Array<char*, 1>) ",2,0,167,256528,256528,16000000,256,0,0,4,4,16,64,0x0,0x7efc0b1993c0,250000,1442848,161475240,5233271015486166,5233300513351187,5233300513526547,5233271107467846
122,"void elementwise_kernel<FillFunctor, Array >(int, FillFunctor<float>, Array<char*, 1>) ",2,0,168,256528,256528,4194304,256,0,0,4,4,16,64,0x0,0x7efc0b1998c0,65536,972746,108980224,5233271015568110,5233300513526547,5233300513576627,5233271107546183
123,_kernel_0d1d2d3d4d5d6d7c8d9c10d11c.kd,2,0,169,256528,256528,4194304,256,61440,0,128,16,48,64,0x0,0x7efc0b698680,262144,83626422,9365912688,5233271015696099,5233300513576569,5233300536516711,5233271130535474
124,"void elementwise_kernel<FillFunctor, Array >(int, FillFunctor<float>, Array<char*, 1>) ",2,0,171,256528,256528,4194304,256,0,0,4,4,16,64,0x0,0x7efc0b1998c0,65536,361884,40565152,5233271130601487,5233300536578309,5233300536625189,5233271130794969
125,_kernel_0d1d2d3d4d5d6d7c8d9c10d11c.kd,2,0,172,256528,256528,4194304,256,61440,0,128,16,48,64,0x0,0x7efc0b698680,262144,83562164,9359015808,5233271130802343,5233300536638309,5233300559594131,5233271153998491
126,"void elementwise_kernel<FillFunctor, Array >(int, FillFunctor<int>, Array<char*, 1>) ",2,0,173,256528,256528,16000000,256,0,0,4,4,16,64,0x0,0x7efc0b1993c0,250000,1411830,158124680,5233271130975236,5233300559594131,5233300559770131,5233271154134355
127,"void elementwise_kernel<FillFunctor, Array >(int, FillFunctor<float>, Array<char*, 1>) ",2,0,175,256528,256528,4194304,256,0,0,4,4,16,64,0x0,0x7efc0b1998c0,65536,808932,90732992,5233271131089250,5233300559783571,5233300559830451,5233271154229253
128,_kernel_0d1d2d3d4d5d6d7c8d9c10d11c.kd,2,0,176,256528,256528,4194304,256,61440,0,128,16,48,64,0x0,0x7efc0b698680,262144,83619502,9365052520,5233271131231586,5233300559830451,5233300582793793,5233271177211460
129,"void elementwise_kernel<FillFunctor, Array >(int, FillFunctor<int>, Array<char*, 1>) ",2,0,178,256528,256528,16000000,256,0,0,4,4,16,64,0x0,0x7efc0b1993c0,250000,1447212,162335728,5233271131347563,5233300582804993,5233300582981313,5233271177425400
130,"void elementwise_kernel<FillFunctor, Array >(int, FillFunctor<float>, Array<char*, 1>) ",2,0,180,256528,256528,4194304,256,0,0,4,4,16,64,0x0,0x7efc0b1998c0,65536,959328,107369592,5233271131461336,5233300582993473,5233300583040673,5233271177510960
131,_kernel_0d1d2d3d4d5d6d7c8d9c10d11c.kd,2,0,181,256528,256528,4194304,256,61440,0,128,16,48,64,0x0,0x7efc0b698680,262144,83541600,9356871272,5233271131599204,5233300583040690,5233300605991553,5233271200497005
132,"void elementwise_kernel<FillFunctor, Array >(int, FillFunctor<int>, Array<char*, 1>) ",2,0,183,256528,256528,16000000,256,0,0,4,4,16,64,0x0,0x7efc0b1993c0,250000,1453208,162870328,5233271131712786,5233300606002911,5233300606177471,5233271200708721
133,"void elementwise_kernel<FillFunctor, Array >(int, FillFunctor<float>, Array<char*, 1>) ",2,0,185,256528,256528,4194304,256,0,0,4,4,16,64,0x0,0x7efc0b1998c0,65536,836404,93782920,5233271131824114,5233300606189471,5233300606235871,5233271200792899
134,_kernel_0d1d2d3d4d5d6d7c8d9c10d11c.kd,2,0,186,256528,256528,4194304,256,61440,0,128,16,48,64,0x0,0x7efc0b698680,262144,83538388,9356250496,5233271131959898,5233300606235871,5233300629182093,5233271223763585
135,"void elementwise_kernel<FillFunctor, Array >(int, FillFunctor<int>, Array<char*, 1>) ",2,0,188,256528,256528,16000000,256,0,0,4,4,16,64,0x0,0x7efc0b1993c0,250000,1376196,154051904,5233271132073601,5233300629193453,5233300629372013,5233271223976443
136,"void elementwise_kernel<FillFunctor, Array >(int, FillFunctor<float>, Array<char*, 1>) ",2,0,190,256528,256528,4194304,256,0,0,4,4,16,64,0x0,0x7efc0b1998c0,65536,733218,82163184,5233271132182374,5233300629384173,5233300629432173,5233271224062404
137,_kernel_0d1d2d3d4d5d6d7c8d9c10d11c.kd,2,0,191,256528,256528,4194304,256,61440,0,128,16,48,64,0x0,0x7efc0b698680,262144,83612382,9364618016,5233271132316385,5233300629432173,5233300652381595,5233271247059129
138,"void elementwise_kernel<FillFunctor, Array >(int, FillFunctor<float>, Array<char*, 1>) ",2,0,193,256528,256528,4194304,256,0,0,4,4,16,64,0x0,0x7efc0b1998c0,65536,356958,40107240,5233271247263511,5233300652578555,5233300652625595,5233271247448888
139,_kernel_0d1d2d3d4d5d6d7c8d9c10d11c.kd,2,0,194,256528,256528,4194304,256,40960,0,116,20,32,64,0x0,0x7efc0b688680,262144,83773004,9382927904,5233271253637423,5233300658123774,5233300681114638,5233271276808704
140,"void elementwise_kernel<FillFunctor, Array >(int, FillFunctor<int>, Array<char*, 1>) ",2,0,197,256528,256528,16000000,256,0,0,4,4,16,64,0x0,0x7efc0b1993c0,250000,976530,109504064,5233271276824023,5233300681212876,5233300681393516,5233271277187744
141,"void elementwise_kernel<FillFunctor, Array >(int, FillFunctor<float>, Array<char*, 1>) ",2,0,198,256528,256528,4194304,256,0,0,4,4,16,64,0x0,0x7efc0b1998c0,65536,532396,59752816,5233271277010863,5233300681393516,5233300681446956,5233271277282200
142,_kernel_0d1d2d3d4d5d6d7c8d9c10d11c.kd,2,0,199,256528,256528,4194304,256,40960,0,116,20,32,64,0x0,0x7efc0b688680,262144,83851020,9391108136,5233271277158559,5233300681446956,5233300704450940,5233271300361800
143,"void elementwise_kernel<FillFunctor, Array >(int, FillFunctor<int>, Array<char*, 1>) ",2,0,200,256528,256528,16000000,256,0,0,4,4,16,64,0x0,0x7efc0b1993c0,250000,1677110,187837520,5233271277252525,5233300704450940,5233300704627740,5233271300510989
144,"void elementwise_kernel<FillFunctor, Array >(int, FillFunctor<float>, Array<char*, 1>) ",2,0,201,256528,256528,4194304,256,0,0,4,4,16,64,0x0,0x7efc0b1998c0,65536,917306,102801320,5233271277449102,5233300704627740,5233300704675900,5233271300597140
145,_kernel_0d1d2d3d4d5d6d7c8d9c10d11c.kd,2,0,202,256528,256528,4194304,256,40960,0,116,20,32,64,0x0,0x7efc0b688680,262144,83773660,9382871480,5233271277586660,5233300704675900,5233300727664043,5233271323617930
146,"void elementwise_kernel<FillFunctor, Array >(int, FillFunctor<int>, Array<char*, 1>) ",2,0,203,256528,256528,16000000,256,0,0,4,4,16,64,0x0,0x7efc0b1993c0,250000,1628350,182423944,5233271277678832,5233300727664043,5233300727841163,5233271323824637
147,"void elementwise_kernel<FillFunctor, Array >(int, FillFunctor<float>, Array<char*, 1>) ",2,0,204,256528,256528,4194304,256,0,0,4,4,16,64,0x0,0x7efc0b1998c0,65536,901402,101004152,5233271277760004,5233300727841163,5233300727890923,5233271323904095
148,_kernel_0d1d2d3d4d5d6d7c8d9c10d11c.kd,2,0,205,256528,256528,4194304,256,40960,0,116,20,32,64,0x0,0x7efc0b688680,262144,83648990,9369111016,5233271277891890,5233300727890781,5233300750889803,5233271346900389
149,"void elementwise_kernel<FillFunctor, Array >(int, FillFunctor<int>, Array<char*, 1>) ",2,0,206,256528,256528,16000000,256,0,0,4,4,16,64,0x0,0x7efc0b1993c0,250000,1544558,172881488,5233271277978673,5233300750889803,5233300751069161,5233271347103479
150,"void elementwise_kernel<FillFunctor, Array >(int, FillFunctor<float>, Array<char*, 1>) ",2,0,207,256528,256528,4194304,256,0,0,4,4,16,64,0x0,0x7efc0b1998c0,65536,884130,99007344,5233271278057881,5233300751069161,5233300751117961,5233271347182728
151,_kernel_0d1d2d3d4d5d6d7c8d9c10d11c.kd,2,0,208,256528,256528,4194304,256,40960,0,116,20,32,64,0x0,0x7efc0b688680,262144,83841750,9390512264,5233271278213442,5233300751117961,5233300774091543,5233271370227923
152,"void elementwise_kernel<FillFunctor, Array >(int, FillFunctor<int>, Array<char*, 1>) ",2,0,209,256528,256528,16000000,256,0,0,4,4,16,64,0x0,0x7efc0b1993c0,250000,1520578,170342928,5233271278300625,5233300774091543,5233300774269143,5233271370435922
153,"void elementwise_kernel<FillFunctor, Array >(int, FillFunctor<float>, Array<char*, 1>) ",2,0,210,256528,256528,4194304,256,0,0,4,4,16,64,0x0,0x7efc0b1998c0,65536,893834,100191888,5233271278379462,5233300774269143,5233300774316983,5233271370514299
154,_kernel_0d1d2d3d4d5d6d7c8d9c10d11c.kd,2,0,211,256528,256528,4194304,256,40960,0,116,20,32,64,0x0,0x7efc0b688680,262144,83827802,9388647152,5233271278505077,5233300774316983,5233300797320804,5233271393559655
155,"void elementwise_kernel<FillFunctor, Array >(int, FillFunctor<float>, Array<char*, 1>) ",2,0,213,256528,256528,4194304,256,0,0,4,4,16,64,0x0,0x7efc0b1998c0,65536,359342,40311392,5233271393629155,5233300797384484,5233300797432484,5233271393828388
156,_kernel_0d1d2d3d4d5d6d7c8d9c10d11c.kd,2,0,214,256528,256528,4194304,256,40960,0,116,20,32,64,0x0,0x7efc0b688680,262144,83794272,9385184992,5233271393838547,5233300797458702,5233300820428926,5233271417091811
157,"void elementwise_kernel<FillFunctor, Array >(int, FillFunctor<int>, Array<char*, 1>) ",2,0,215,256528,256528,16000000,256,0,0,4,4,16,64,0x0,0x7efc0b1993c0,250000,1110724,124369024,5233271394013754,5233300820428926,5233300820607004,5233271417231914
158,"void elementwise_kernel<FillFunctor, Array >(int, FillFunctor<float>, Array<char*, 1>) ",2,0,217,256528,256528,4194304,256,0,0,4,4,16,64,0x0,0x7efc0b1998c0,65536,851360,95438200,5233271394135442,5233300820620444,5233300820668284,5233271417324827
159,_kernel_0d1d2d3d4d5d6d7c8d9c10d11c.kd,2,0,218,256528,256528,4194304,256,40960,0,116,20,32,64,0x0,0x7efc0b688680,262144,83681464,9372172952,5233271394275755,5233300820668284,5233300843632748,5233271440335458
160,"void elementwise_kernel<FillFunctor, Array >(int, FillFunctor<int>, Array<char*, 1>) ",2,0,220,256528,256528,16000000,256,0,0,4,4,16,64,0x0,0x7efc0b1993c0,250000,1610116,180470512,5233271394388906,5233300843644268,5233300843818668,5233271440547154
161,"void elementwise_kernel<FillFunctor, Array >(int, FillFunctor<float>, Array<char*, 1>) ",2,0,222,256528,256528,4194304,256,0,0,4,4,16,64,0x0,0x7efc0b1998c0,65536,727992,81522576,5233271394502338,5233300843830828,5233300843882188,5233271440631983
162,_kernel_0d1d2d3d4d5d6d7c8d9c10d11c.kd,2,0,223,256528,256528,4194304,256,40960,0,116,20,32,64,0x0,0x7efc0b688680,262144,83774932,9383059160,5233271394639044,5233300843882188,5233300866902171,5233271463664344
163,"void elementwise_kernel<FillFunctor, Array >(int, FillFunctor<int>, Array<char*, 1>) ",2,0,225,256528,256528,16000000,256,0,0,4,4,16,64,0x0,0x7efc0b1993c0,250000,1317064,147699640,5233271394754069,5233300866913691,5233300867091131,5233271463875870
164,"void elementwise_kernel<FillFunctor, Array >(int, FillFunctor<float>, Array<char*, 1>) ",2,0,227,256528,256528,4194304,256,0,0,4,4,16,64,0x0,0x7efc0b1998c0,65536,928146,104047376,5233271394866239,5233300867103291,5233300867149211,5233271463960829
165,_kernel_0d1d2d3d4d5d6d7c8d9c10d11c.kd,2,0,228,256528,256528,4194304,256,40960,0,116,20,32,64,0x0,0x7efc0b688680,262144,83728990,9377888856,5233271395004257,5233300867149431,5233300890135818,5233271486990756
166,"void elementwise_kernel<FillFunctor, Array >(int, FillFunctor<int>, Array<char*, 1>) ",2,0,230,256528,256528,16000000,256,0,0,4,4,16,64,0x0,0x7efc0b1993c0,250000,1490988,166981456,5233271395118671,5233300890147336,5233300890323016,5233271487201660
167,"void elementwise_kernel<FillFunctor, Array >(int, FillFunctor<float>, Array<char*, 1>) ",2,0,232,256528,256528,4194304,256,0,0,4,4,16,64,0x0,0x7efc0b1998c0,65536,567060,63588544,5233271395233416,5233300890335016,5233300890381736,5233271487286399
168,_kernel_0d1d2d3d4d5d6d7c8d9c10d11c.kd,2,0,233,256528,256528,4194304,256,40960,0,116,20,32,64,0x0,0x7efc0b688680,262144,83837852,9390186616,5233271395368068,5233300890381736,5233300913389563,5233271510333868
169,"void elementwise_kernel<FillFunctor, Array >(int, FillFunctor<float>, Array<char*, 1>) ",2,0,235,256528,256528,4194304,256,0,0,4,4,16,64,0x0,0x7efc0b1998c0,65536,355554,39980464,5233271510541797,5233300913590362,5233300913638362,5233271510732193
170,_kernel_0d1d2d3d4d5d6d7c8d9c10d11c.kd,2,0,236,256528,256528,8388608,256,61440,0,128,16,48,64,0x0,0x7efc0b678680,524288,84638372,9479967656,5233271518279100,5233300920065879,5233300943380104,5233271541667377
171,"void elementwise_kernel<FillFunctor, Array >(int, FillFunctor<int>, Array<char*, 1>) ",2,0,239,256528,256528,16000000,256,0,0,4,4,16,64,0x0,0x7efc0b1993c0,250000,975812,109488120,5233271541686553,5233300943474344,5233300943653864,5233271542047328
172,"void elementwise_kernel<FillFunctor, Array >(int, FillFunctor<float>, Array<char*, 1>) ",2,0,240,256528,256528,4194304,256,0,0,4,4,16,64,0x0,0x7efc0b1998c0,65536,471048,52805456,5233271541870297,5233300943653864,5233300943709064,5233271542149940
173,_kernel_0d1d2d3d4d5d6d7c8d9c10d11c.kd,2,0,241,256528,256528,8388608,256,61440,0,128,16,48,64,0x0,0x7efc0b678680,524288,85043200,9524804816,5233271542015749,5233300943709270,5233300967040459,5233271565544078
174,"void elementwise_kernel<FillFunctor, Array >(int, FillFunctor<int>, Array<char*, 1>) ",2,0,242,256528,256528,16000000,256,0,0,4,4,16,64,0x0,0x7efc0b1993c0,250000,1586274,177837440,5233271542119964,5233300967040459,5233300967221577,5233271565684851
175,"void elementwise_kernel<FillFunctor, Array >(int, FillFunctor<float>, Array<char*, 1>) ",2,0,243,256528,256528,4194304,256,0,0,4,4,16,64,0x0,0x7efc0b1998c0,65536,742200,83215792,5233271542319837,5233300967221577,5233300967269097,5233271565773046
176,_kernel_0d1d2d3d4d5d6d7c8d9c10d11c.kd,2,0,244,256528,256528,8388608,256,61440,0,128,16,48,64,0x0,0x7efc0b678680,524288,84868882,9505004976,5233271542458136,5233300967269097,5233300990579486,5233271589080272
177,"void elementwise_kernel<FillFunctor, Array >(int, FillFunctor<int>, Array<char*, 1>) ",2,0,245,256528,256528,16000000,256,0,0,4,4,16,64,0x0,0x7efc0b1993c0,250000,1382426,155024368,5233271542551290,5233300990579486,5233300990761406,5233271589289603
178,"void elementwise_kernel<FillFunctor, Array >(int, FillFunctor<float>, Array<char*, 1>) ",2,0,246,256528,256528,4194304,256,0,0,4,4,16,64,0x0,0x7efc0b1998c0,65536,781094,87561472,5233271542638113,5233300990761406,5233300990814526,5233271589372568
179,_kernel_0d1d2d3d4d5d6d7c8d9c10d11c.kd,2,0,247,256528,256528,8388608,256,61440,0,128,16,48,64,0x0,0x7efc0b678680,524288,84897640,9508412240,5233271542767405,5233300990814526,5233301014119954,5233271612682139
180,"void elementwise_kernel<FillFunctor, Array >(int, FillFunctor<int>, Array<char*, 1>) ",2,0,248,256528,256528,16000000,256,0,0,4,4,16,64,0x0,0x7efc0b1993c0,250000,1419432,159046904,5233271542855760,5233301014119954,5233301014296114,5233271612888675
181,"void elementwise_kernel<FillFunctor, Array >(int, FillFunctor<float>, Array<char*, 1>) ",2,0,249,256528,256528,4194304,256,0,0,4,4,16,64,0x0,0x7efc0b1998c0,65536,910474,101908008,5233271542934828,5233301014296114,5233301014345714,5233271612968484
182,_kernel_0d1d2d3d4d5d6d7c8d9c10d11c.kd,2,0,250,256528,256528,8388608,256,61440,0,128,16,48,64,0x0,0x7efc0b678680,524288,84957428,9514872544,5233271543062887,5233301014345200,5233301037613343,5233271636304914
183,"void elementwise_kernel<FillFunctor, Array >(int, FillFunctor<int>, Array<char*, 1>) ",2,0,251,256528,256528,16000000,256,0,0,4,4,16,64,0x0,0x7efc0b1993c0,250000,1528114,171293688,5233271543168124,5233301037613343,5233301037790141,5233271636509066
184,"void elementwise_kernel<FillFunctor, Array >(int, FillFunctor<float>, Array<char*, 1>) ",2,0,252,256528,256528,4194304,256,0,0,4,4,16,64,0x0,0x7efc0b1998c0,65536,922660,103383952,5233271543251700,5233301037790141,5233301037841021,5233271636589426
185,_kernel_0d1d2d3d4d5d6d7c8d9c10d11c.kd,2,0,253,256528,256528,8388608,256,61440,0,128,16,48,64,0x0,0x7efc0b678680,524288,84939004,9513300656,5233271543380962,5233301037841021,5233301061157004,5233271659918503
186,"void elementwise_kernel<FillFunctor, Array >(int, FillFunctor<float>, Array<char*, 1>) ",2,0,255,256528,256528,4194304,256,0,0,4,4,16,64,0x0,0x7efc0b1998c0,65536,358400,40241080,5233271659989085,5233301061219884,5233301061267244,5233271660196763
187,_kernel_0d1d2d3d4d5d6d7c8d9c10d11c.kd,2,0,256,256528,256528,8388608,256,61440,0,128,16,48,64,0x0,0x7efc0b678680,524288,84780642,9495248936,5233271660206782,5233301061288844,5233301084605466,5233271683703552
188,"void elementwise_kernel<FillFunctor, Array >(int, FillFunctor<int>, Array<char*, 1>) ",2,0,257,256528,256528,16000000,256,0,0,4,4,16,64,0x0,0x7efc0b1993c0,250000,1267002,142215080,5233271660382331,5233301084605466,5233301084784506,5233271683846810
189,"void elementwise_kernel<FillFunctor, Array >(int, FillFunctor<float>, Array<char*, 1>) ",2,0,259,256528,256528,4194304,256,0,0,4,4,16,64,0x0,0x7efc0b1998c0,65536,828056,92879192,5233271660499750,5233301084798106,5233301084845946,5233271683937821
190,_kernel_0d1d2d3d4d5d6d7c8d9c10d11c.kd,2,0,260,256528,256528,8388608,256,61440,0,128,16,48,64,0x0,0x7efc0b678680,524288,84943818,9513641864,5233271660641155,5233301084845899,5233301108209241,5233271707268710
191,"void elementwise_kernel<FillFunctor, Array >(int, FillFunctor<int>, Array<char*, 1>) ",2,0,262,256528,256528,16000000,256,0,0,4,4,16,64,0x0,0x7efc0b1993c0,250000,1640966,183969920,5233271660757132,5233301108220919,5233301108398519,5233271707481789
192,"void elementwise_kernel<FillFunctor, Array >(int, FillFunctor<float>, Array<char*, 1>) ",2,0,264,256528,256528,4194304,256,0,0,4,4,16,64,0x0,0x7efc0b1998c0,65536,853730,95563888,5233271660869903,5233301108410679,5233301108457559,5233271707567780
193,_kernel_0d1d2d3d4d5d6d7c8d9c10d11c.kd,2,0,265,256528,256528,8388608,256,61440,0,128,16,48,64,0x0,0x7efc0b678680,524288,84747050,9492178488,5233271661004845,5233301108457559,5233301131776581,5233271730851422
194,"void elementwise_kernel<FillFunctor, Array >(int, FillFunctor<int>, Array<char*, 1>) ",2,0,267,256528,256528,16000000,256,0,0,4,4,16,64,0x0,0x7efc0b1993c0,250000,1499634,168023400,5233271661120361,5233301131788261,5233301131963301,5233271731063549
195,"void elementwise_kernel<FillFunctor, Array >(int, FillFunctor<float>, Array<char*, 1>) ",2,0,269,256528,256528,4194304,256,0,0,4,4,16,64,0x0,0x7efc0b1998c0,65536,984970,110385832,5233271661232000,5233301131975461,5233301132022341,5233271731150321
196,_kernel_0d1d2d3d4d5d6d7c8d9c10d11c.kd,2,0,270,256528,256528,8388608,256,61440,0,128,16,48,64,0x0,0x7efc0b678680,524288,84501562,9464510248,5233271661365119,5233301132022341,5233301155215923,5233271754364673
197,"void elementwise_kernel<FillFunctor, Array >(int, FillFunctor<int>, Array<char*, 1>) ",2,0,272,256528,256528,16000000,256,0,0,4,4,16,64,0x0,0x7efc0b1993c0,250000,1556046,174173208,5233271661476918,5233301155227923,5233301155406963,5233271754576790
198,"void elementwise_kernel<FillFunctor, Array >(int, FillFunctor<float>, Array<char*, 1>) ",2,0,274,256528,256528,4194304,256,0,0,4,4,16,64,0x0,0x7efc0b1998c0,65536,681728,76356360,5233271661586483,5233301155419283,5233301155466163,5233271754661097
199,_kernel_0d1d2d3d4d5d6d7c8d9c10d11c.kd,2,0,275,256528,256528,8388608,256,61440,0,128,16,48,64,0x0,0x7efc0b678680,524288,84899666,9508621480,5233271661721646,5233301155466177,5233301178789679,5233271777984594
200,"void elementwise_kernel<FillFunctor, Array >(int, FillFunctor<float>, Array<char*, 1>) ",2,0,277,256528,256528,4194304,256,0,0,4,4,16,64,0x0,0x7efc0b1998c0,65536,354098,39748736,5233271778189296,5233301179005677,5233301179052397,5233271778379402
201,_kernel_0d1d2d3d4d5d6d7c8d9c10d11c.kd,2,0,278,256528,256528,8388608,256,40960,0,116,20,32,64,0x0,0x7efc0b668680,524288,84797408,9497162632,5233271785378985,5233301184907433,5233301208209495,5233271808831332
202,"void elementwise_kernel<FillFunctor, Array >(int, FillFunctor<int>, Array<char*, 1>) ",2,0,281,256528,256528,16000000,256,0,0,4,4,16,64,0x0,0x7efc0b1993c0,250000,978508,109711960,5233271808850327,5233301208305975,5233301208487575,5233271809209649
203,"void elementwise_kernel<FillFunctor, Array >(int, FillFunctor<float>, Array<char*, 1>) ",2,0,282,256528,256528,4194304,256,0,0,4,4,16,64,0x0,0x7efc0b1998c0,65536,610314,68552128,5233271809031997,5233301208487575,5233301208537494,5233271809301220
204,_kernel_0d1d2d3d4d5d6d7c8d9c10d11c.kd,2,0,283,256528,256528,8388608,256,40960,0,116,20,32,64,0x0,0x7efc0b668680,524288,85231030,9545841624,5233271809179964,5233301208537494,5233301231882756,5233271832738359
205,"void elementwise_kernel<FillFunctor, Array >(int, FillFunctor<int>, Array<char*, 1>) ",2,0,284,256528,256528,16000000,256,0,0,4,4,16,64,0x0,0x7efc0b1993c0,250000,1578962,176883704,5233271809277667,5233301231882756,5233301232060196,5233271832883931
206,"void elementwise_kernel<FillFunctor, Array >(int, FillFunctor<float>, Array<char*, 1>) ",2,0,285,256528,256528,4194304,256,0,0,4,4,16,64,0x0,0x7efc0b1998c0,65536,817636,91548816,5233271809455319,5233301232060196,5233301232108996,5233271832968860
207,_kernel_0d1d2d3d4d5d6d7c8d9c10d11c.kd,2,0,286,256528,256528,8388608,256,40960,0,116,20,32,64,0x0,0x7efc0b668680,524288,85259436,9549501080,5233271809592946,5233301232109026,5233301255421969,5233271856372937
208,"void elementwise_kernel<FillFunctor, Array >(int, FillFunctor<int>, Array<char*, 1>) ",2,0,287,256528,256528,16000000,256,0,0,4,4,16,64,0x0,0x7efc0b1993c0,250000,1558264,174505840,5233271809685860,5233301255421969,5233301255599247,5233271856576658
209,"void elementwise_kernel<FillFunctor, Array >(int, FillFunctor<float>, Array<char*, 1>) ",2,0,288,256528,256528,4194304,256,0,0,4,4,16,64,0x0,0x7efc0b1998c0,65536,891350,99819096,5233271809766922,5233301255599247,5233301255648687,5233271856656177
210,_kernel_0d1d2d3d4d5d6d7c8d9c10d11c.kd,2,0,289,256528,256528,8388608,256,40960,0,116,20,32,64,0x0,0x7efc0b668680,524288,85120102,9534111688,5233271809899139,5233301255648687,5233301278990910,5233271880026481
211,"void elementwise_kernel<FillFunctor, Array >(int, FillFunctor<int>, Array<char*, 1>) ",2,0,290,256528,256528,16000000,256,0,0,4,4,16,64,0x0,0x7efc0b1993c0,250000,1346256,150763656,5233271809987825,5233301278990910,5233301279167389,5233271880233868
212,"void elementwise_kernel<FillFunctor, Array >(int, FillFunctor<float>, Array<char*, 1>) ",2,0,291,256528,256528,4194304,256,0,0,4,4,16,64,0x0,0x7efc0b1998c0,65536,909038,101769976,5233271810069037,5233301279167389,5233301279215709,5233271880312415
213,_kernel_0d1d2d3d4d5d6d7c8d9c10d11c.kd,2,0,292,256528,256528,8388608,256,40960,0,116,20,32,64,0x0,0x7efc0b668680,524288,84940670,9514156768,5233271810207856,5233301279215709,5233301302487532,5233271903633687
214,"void elementwise_kernel<FillFunctor, Array >(int, FillFunctor<int>, Array<char*, 1>) ",2,0,293,256528,256528,16000000,256,0,0,4,4,16,64,0x0,0x7efc0b1993c0,250000,1353250,151643128,5233271810310739,5233301302487532,5233301302667852,5233271903838691
215,"void elementwise_kernel<FillFunctor, Array >(int, FillFunctor<float>, Array<char*, 1>) ",2,0,294,256528,256528,4194304,256,0,0,4,4,16,64,0x0,0x7efc0b1998c0,65536,782130,87622608,5233271810390167,5233301302667852,5233301302716012,5233271903917027
216,_kernel_0d1d2d3d4d5d6d7c8d9c10d11c.kd,2,0,295,256528,256528,8388608,256,40960,0,116,20,32,64,0x0,0x7efc0b668680,524288,84951240,9514752864,5233271810518397,5233301302716207,5233301326031712,5233271927241936
217,"void elementwise_kernel<FillFunctor, Array >(int, FillFunctor<float>, Array<char*, 1>) ",2,0,297,256528,256528,4194304,256,0,0,4,4,16,64,0x0,0x7efc0b1998c0,65536,355770,39949528,5233271927305645,5233301326101470,5233301326148670,5233271927500730
218,_kernel_0d1d2d3d4d5d6d7c8d9c10d11c.kd,2,0,298,256528,256528,8388608,256,40960,0,116,20,32,64,0x0,0x7efc0b668680,524288,84991282,9518603904,5233271927510699,5233301326170270,5233301349480975,5233271951053535
219,"void elementwise_kernel<FillFunctor, Array >(int, FillFunctor<int>, Array<char*, 1>) ",2,0,299,256528,256528,16000000,256,0,0,4,4,16,64,0x0,0x7efc0b1993c0,250000,1566412,175557288,5233271927687449,5233301349480975,5233301349662575,5233271951198736
220,"void elementwise_kernel<FillFunctor, Array >(int, FillFunctor<float>, Array<char*, 1>) ",2,0,301,256528,256528,4194304,256,0,0,4,4,16,64,0x0,0x7efc0b1998c0,65536,818254,91659392,5233271927800601,5233301349675855,5233301349722255,5233271951288094
221,_kernel_0d1d2d3d4d5d6d7c8d9c10d11c.kd,2,0,302,256528,256528,8388608,256,40960,0,116,20,32,64,0x0,0x7efc0b668680,524288,85305450,9554309464,5233271927940232,5233301349722255,5233301373044319,5233271974699965
222,"void elementwise_kernel<FillFunctor, Array >(int, FillFunctor<int>, Array<char*, 1>) ",2,0,304,256528,256528,16000000,256,0,0,4,4,16,64,0x0,0x7efc0b1993c0,250000,1575324,176541568,5233271928057221,5233301373055839,5233301373234559,5233271974912492
223,"void elementwise_kernel<FillFunctor, Array >(int, FillFunctor<float>, Array<char*, 1>) ",2,0,306,256528,256528,4194304,256,0,0,4,4,16,64,0x0,0x7efc0b1998c0,65536,712986,79887976,5233271928167477,5233301373246879,5233301373293439,5233271974998253
224,_kernel_0d1d2d3d4d5d6d7c8d9c10d11c.kd,2,0,307,256528,256528,8388608,256,40960,0,116,20,32,64,0x0,0x7efc0b668680,524288,84857442,9504096304,5233271928306357,5233301373293231,5233301396586814,5233271998301782
225,"void elementwise_kernel<FillFunctor, Array >(int, FillFunctor<int>, Array<char*, 1>) ",2,0,309,256528,256528,16000000,256,0,0,4,4,16,64,0x0,0x7efc0b1993c0,250000,1360332,152438920,5233271928425900,5233301396598492,5233301396774332,5233271998512185
226,"void elementwise_kernel<FillFunctor, Array >(int, FillFunctor<float>, Array<char*, 1>) ",2,0,311,256528,256528,4194304,256,0,0,4,4,16,64,0x0,0x7efc0b1998c0,65536,1038018,116249376,5233271928540365,5233301396786492,5233301396834172,5233271998598056
227,_kernel_0d1d2d3d4d5d6d7c8d9c10d11c.kd,2,0,312,256528,256528,8388608,256,40960,0,116,20,32,64,0x0,0x7efc0b668680,524288,85058978,9525887752,5233271928678944,5233301396834172,5233301420165675,5233272021954474
228,"void elementwise_kernel<FillFunctor, Array >(int, FillFunctor<int>, Array<char*, 1>) ",2,0,314,256528,256528,16000000,256,0,0,4,4,16,64,0x0,0x7efc0b1993c0,250000,1512276,169361472,5233271928795652,5233301420177034,5233301420350794,5233272022166410
229,"void elementwise_kernel<FillFunctor, Array >(int, FillFunctor<float>, Array<char*, 1>) ",2,0,316,256528,256528,4194304,256,0,0,4,4,16,64,0x0,0x7efc0b1998c0,65536,564006,63180000,5233271928904055,5233301420362954,5233301420411114,5233272022249826
230,_kernel_0d1d2d3d4d5d6d7c8d9c10d11c.kd,2,0,317,256528,256528,8388608,256,40960,0,116,20,32,64,0x0,0x7efc0b668680,524288,85146928,9535625496,5233271929038617,5233301420411114,5233301443707737,5233272045619799
231,_kernel_0d1d2d3d4d5d6d7c8d9c10d11c.kd,2,0,319,256528,256528,1048576,128,61440,0,8,144,48,64,0x0,0x7efc0b1f8680,65536,129754316,14532624416,5233272053627027,5233301450172209,5233301485581307,5233272089238758
232,"void elementwise_kernel<FillFunctor, Array >(int, FillFunctor<int>, Array<char*, 1>) ",2,0,322,256528,256528,16000000,256,0,0,4,4,16,64,0x0,0x7efc0b1993c0,250000,970754,108814152,5233272089239860,5233301485680985,5233301485860665,5233272089628527
233,_kernel_0d1d2d3d4d5d6d7c8d9c10d11c.kd,2,0,323,256528,256528,1048576,128,61440,0,8,144,48,64,0x0,0x7efc0b1f8680,65536,129722088,14528924368,5233272089511388,5233301485860665,5233301521255363,5233272125126615
234,"void elementwise_kernel<FillFunctor, Array >(int, FillFunctor<int>, Array<char*, 1>) ",2,0,324,256528,256528,16000000,256,0,0,4,4,16,64,0x0,0x7efc0b1993c0,250000,1532914,171672552,5233272089608800,5233301521255363,5233301521431363,5233272125270785
235,_kernel_0d1d2d3d4d5d6d7c8d9c10d11c.kd,2,0,325,256528,256528,1048576,128,61440,0,8,144,48,64,0x0,0x7efc0b1f8680,65536,129735446,14530412376,5233272089749563,5233301521431360,5233301556836298,5233272160715443
236,"void elementwise_kernel<FillFunctor, Array >(int, FillFunctor<int>, Array<char*, 1>) ",2,0,326,256528,256528,16000000,256,0,0,4,4,16,64,0x0,0x7efc0b1993c0,250000,1566176,175402752,5233272089848088,5233301556836298,5233301557015336,5233272160922721
237,_kernel_0d1d2d3d4d5d6d7c8d9c10d11c.kd,2,0,327,256528,256528,1048576,128,61440,0,8,144,48,64,0x0,0x7efc0b1f8680,65536,129695758,14525897168,5233272089981206,5233301557015336,5233301592404274,5233272196357441
238,"void elementwise_kernel<FillFunctor, Array >(int, FillFunctor<int>, Array<char*, 1>) ",2,0,328,256528,256528,16000000,256,0,0,4,4,16,64,0x0,0x7efc0b1993c0,250000,1526392,171111184,5233272090071465,5233301592404274,5233301592580434,5233272196566752
239,_kernel_0d1d2d3d4d5d6d7c8d9c10d11c.kd,2,0,329,256528,256528,1048576,128,61440,0,8,144,48,64,0x0,0x7efc0b1f8680,65536,129717208,14528374888,5233272090209854,5233301592580366,5233301627976023,5233272232007814
240,"void elementwise_kernel<FillFunctor, Array >(int, FillFunctor<int>, Array<char*, 1>) ",2,0,330,256528,256528,16000000,256,0,0,4,4,16,64,0x0,0x7efc0b1993c0,250000,1666500,186647080,5233272090297017,5233301627976023,5233301628152021,5233272232215051
241,_kernel_0d1d2d3d4d5d6d7c8d9c10d11c.kd,2,0,331,256528,256528,1048576,128,61440,0,8,144,48,64,0x0,0x7efc0b1f8680,65536,129700658,14526553864,5233272090424295,5233301628152021,5233301663548798,5233272267648008
242,_kernel_0d1d2d3d4d5d6d7c8d9c10d11c.kd,2,0,333,256528,256528,1048576,128,61440,0,8,144,48,64,0x0,0x7efc0b1f8680,65536,129652408,14521176672,5233272267760899,5233301663654891,5233301699048150,5233272303348695
243,"void elementwise_kernel<FillFunctor, Array >(int, FillFunctor<int>, Array<char*, 1>) ",2,0,334,256528,256528,16000000,256,0,0,4,4,16,64,0x0,0x7efc0b1993c0,250000,1618982,181485584,5233272267899869,5233301699048150,5233301699227508,5233272303502653
244,_kernel_0d1d2d3d4d5d6d7c8d9c10d11c.kd,2,0,336,256528,256528,1048576,128,61440,0,8,144,48,64,0x0,0x7efc0b1f8680,65536,129709148,14527647792,5233272268060560,5233301699240788,5233301734619487,5233272338948805
245,"void elementwise_kernel<FillFunctor, Array >(int, FillFunctor<int>, Array<char*, 1>) ",2,0,338,256528,256528,16000000,256,0,0,4,4,16,64,0x0,0x7efc0b1993c0,250000,1519226,170281624,5233272268179813,5233301734630527,5233301734808287,5233272339166632
246,_kernel_0d1d2d3d4d5d6d7c8d9c10d11c.kd,2,0,340,256528,256528,1048576,128,61440,0,8,144,48,64,0x0,0x7efc0b1f8680,65536,129692956,14525905408,5233272268361292,5233301734820003,5233301770209577,5233272374609136
247,_kernel_0d1d2d3d4d5d6d7c8d9c10d11c.kd,2,0,342,256528,256528,1048576,128,36864,0,8,144,48,64,0x0,0x7efc0b1e4680,65536,129157274,14465794656,5233272381757487,5233301776352611,5233301811594984,5233272417177270
248,"void elementwise_kernel<FillFunctor, Array >(int, FillFunctor<int>, Array<char*, 1>) ",2,0,345,256528,256528,16000000,256,0,0,4,4,16,64,0x0,0x7efc0b1993c0,250000,960000,107677120,5233272417193871,5233301811685544,5233301811868424,5233272417546921
249,_kernel_0d1d2d3d4d5d6d7c8d9c10d11c.kd,2,0,346,256528,256528,1048576,128,36864,0,8,144,48,64,0x0,0x7efc0b1e4680,65536,129166558,14466908104,5233272417432287,5233301811868815,5233301847097274,5233272452882916
250,"void elementwise_kernel<FillFunctor, Array >(int, FillFunctor<int>, Array<char*, 1>) ",2,0,347,256528,256528,16000000,256,0,0,4,4,16,64,0x0,0x7efc0b1993c0,250000,1344490,150656496,5233272417528396,5233301847097274,5233301847275032,5233272453024601
251,_kernel_0d1d2d3d4d5d6d7c8d9c10d11c.kd,2,0,348,256528,256528,1048576,128,36864,0,8,144,48,64,0x0,0x7efc0b1e4680,65536,129189262,14469194560,5233272417669470,5233301847275032,5233301882502691,5233272488301746
252,"void elementwise_kernel<FillFunctor, Array >(int, FillFunctor<int>, Array<char*, 1>) ",2,0,349,256528,256528,16000000,256,0,0,4,4,16,64,0x0,0x7efc0b1993c0,250000,1552256,173843080,5233272417767614,5233301882502691,5233301882683651,5233272488509705
253,_kernel_0d1d2d3d4d5d6d7c8d9c10d11c.kd,2,0,350,256528,256528,1048576,128,36864,0,8,144,48,64,0x0,0x7efc0b1e4680,65536,129159050,14465879768,5233272417898339,5233301882683275,5233301917910929,5233272523785287
254,"void elementwise_kernel<FillFunctor, Array >(int, FillFunctor<int>, Array<char*, 1>) ",2,0,351,256528,256528,16000000,256,0,0,4,4,16,64,0x0,0x7efc0b1993c0,250000,1575714,176625440,5233272417989208,5233301917910929,5233301918085487,5233272523986484
255,_kernel_0d1d2d3d4d5d6d7c8d9c10d11c.kd,2,0,352,256528,256528,1048576,128,36864,0,8,144,48,64,0x0,0x7efc0b1e4680,65536,129181690,14468463048,5233272418125483,5233301918085487,5233301953309621,5233272559264200
256,"void elementwise_kernel<FillFunctor, Array >(int, FillFunctor<int>, Array<char*, 1>) ",2,0,353,256528,256528,16000000,256,0,0,4,4,16,64,0x0,0x7efc0b1993c0,250000,1460802,163555496,5233272418226833,5233301953309621,5233301953488021,5233272559472289
257,_kernel_0d1d2d3d4d5d6d7c8d9c10d11c.kd,2,0,354,256528,256528,1048576,128,36864,0,8,144,48,64,0x0,0x7efc0b1e4680,65536,129197598,14470235904,5233272418359852,5233301953488154,5233301988716930,5233272594759934
258,_kernel_0d1d2d3d4d5d6d7c8d9c10d11c.kd,2,0,356,256528,256528,1048576,128,36864,0,8,144,48,64,0x0,0x7efc0b1e4680,65536,129149216,14464753448,5233272594863468,5233301988821728,5233302024045544,5233272630314939
259,"void elementwise_kernel<FillFunctor, Array >(int, FillFunctor<int>, Array<char*, 1>) ",2,0,357,256528,256528,16000000,256,0,0,4,4,16,64,0x0,0x7efc0b1993c0,250000,1645990,184399888,5233272595001887,5233302024045544,5233302024222183,5233272630457255
260,_kernel_0d1d2d3d4d5d6d7c8d9c10d11c.kd,2,0,359,256528,256528,1048576,128,36864,0,8,144,48,64,0x0,0x7efc0b1e4680,65536,129172044,14467367536,5233272595161706,5233302024235418,5233302059464993,5233272665746192
261,"void elementwise_kernel<FillFunctor, Array >(int, FillFunctor<int>, Array<char*, 1>) ",2,0,361,256528,256528,16000000,256,0,0,4,4,16,64,0x0,0x7efc0b1993c0,250000,1535766,172146712,5233272595277231,5233302059476031,5233302059653151,5233272665958549
262,_kernel_0d1d2d3d4d5d6d7c8d9c10d11c.kd,2,0,363,256528,256528,1048576,128,36864,0,8,144,48,64,0x0,0x7efc0b1e4680,65536,129169932,14466984024,5233272595434356,5233302059665311,5233302094898246,5233272701243489
263,"void elementwise_kernel<FillFunctor, Array >(int, FillFunctor<float>, Array<char*, 1>) ",2,0,365,256528,256528,4194304,256,0,0,4,4,16,64,0x0,0x7efc0b1998c0,65536,396278,44568032,5233272701434186,5233302095084646,5233302095130566,5233272701609544
264,_kernel_0d1d2d3d4d5d6d7c8d9c10d11c.kd,2,0,366,256528,256528,2097152,256,61440,0,128,16,48,64,0x0,0x7efc0b720680,131072,82278546,9215071816,5233272701618851,5233302095155526,5233302117745109,5233272724473650
