Index,KernelName,gpu-id,queue-id,queue-index,pid,tid,grd,wgr,lds,scr,arch_vgpr,accum_vgpr,sgpr,wave_size,sig,obj,GRBM_COUNT,GRBM_GUI_ACTIVE,SQ_WAVES,SQ_IFETCH,SQ_IFETCH_LEVEL,SQ_ACCUM_PREV_HIRES,DispatchNs,BeginNs,EndNs,CompleteNs
0,Cijk_Ailk_Bljk_SB_MT128x64x16_MI32x32x2x1_SN_1LDSB1_APM1_ABV0_ACED0_AF0EM1_AF1EM1_AMAS3_ASE_ASGT_ASLT_ASAE01_ASCE01_ASEM1_AAC0_BL1_BS1_DTL0_DTVA0_DVO0_ETSP_EPS0_FL0_GRPM1_GRVW4_GSU1_GSUASB_GLS0_ISA90a_IU1_K1_KLA_LBSPP128_LPA0_LPB4_LDL1_LRVW2_LWPMn1_LDW0_MAC_MIAV0_MDA2_MO40_NTA0_NTB0_NTC0_NTD0_NEPBS1_NLCA1_NLCB1_ONLL1_OPLV0_PK0_PAP0_PGR2_PLR9_RK0_SIA3_SS1_SU0_SUM0_SUS0_SCIUI1_SPO0_SRVW0_SSO0_SVW2_SNLL0_TT2_32_TLDS1_USFGROn1_VAW1_VSn1_VW2_WSGRA1_WSGRB1_WS64_WG64_4_1_WGM5.kd,2,0,0,257468,257468,524288,256,12800,0,64,32,80,64,0x0,0x7f5ca5131640,5315980,5315980,8192,31965432,3378074465,25301395985,5233287546953357,5233299333503305,5233299336915299,5233287560028845
1,"simt_gemm_hidet_kernelv2(float const*, float const*, float*, int, int, int) ",2,0,1,257468,257468,180224,256,10240,0,80,128,48,64,0x0,0x7f5ca5ca1840,11207227,11207227,2816,210715200,7125099305,55331941405,5233287557533277,5233299336915299,5233299344173845,5233287567333368
2,"void kernel_gemm_xdl_cshuffle_v1<GridwiseGemm_k0mk1_k0nk1_mn_xdl_cshuffle_v1, true>(GridwiseGemm_k0mk1_k0nk1_mn_xdl_cshuffle_v1<RowMajor, RowMajor, RowMajor, float, float, float, float, float, PassThrough, PassThrough, PassThrough, (GemmSpecialization)0, (InMemoryDataOperationEnum)0, 1, 256, 128, 128, 16, 4, 1, 32, 32, 2, 2, Sequence, Sequence, Sequence, 2, 4, 4, false, 1, Sequence, Sequence, Sequence, 1, 4, 1, false, 0, 1, 1, Sequence, 4, (LoopScheduler)0, (PipelineVersion)0, float, Argument) ",2,0,2,257468,257468,262144,256,16896,0,104,0,32,64,0x0,0x7f5ca5c55040,5517825,5517825,4096,18083840,3503548794,26031974535,5233287559488564,5233299344173845,5233299347665358,5233287570858542
3,_ZN2ck19kernel_gemm_dl_v1r3INS_28GridwiseGemmDl_km_kn_mn_v1r3ILi256EfffLNS_25InMemoryDataOperationEnumE0ENS_16TensorDescriptorINS_5TupleIJNS_5EmbedINS4_IJiiEEENS4_IJiNS_17integral_constantIiLi1EEEEEELb0EEENS_7UnMergeIS9_Lb0EEENS_11PassThroughIiEEEEENS4_IJNS_8SequenceIJLi0EEEENSG_IJLi2EEEENSG_IJLi1EEEEEEENS4_IJNSG_IJLi1ELi2EEEENSG_IJLi3ELi4EEEENSG_IJLi5EEEEEEENSG_IJLi3ELi5ELi4EEEElEENS3_ISF_NS4_IJSH_SJ_SI_EEESO_SP_lEENS3_INS4_IJSA_SE_SE_EEESR_NS4_IJSL_NSG_IJLi3EEEENSG_IJLi4EEEEEEESM_lEELi128ELi128ELi16ELi1ELi4ELi4ELi1ENSG_IJLi8ELi2EEEESY_NSG_IJLi8ELi1ELi1ELi1EEEENSG_IJLi2ELi1ELi128ELi1EEEENSG_IJLi1ELi2ELi0ELi3EEEES11_NSG_IJLi4ELi1ELi1ELi1EEEES11_NSG_IJLi1ELi1ELi1ELi1EEEENSG_IJLi2ELi1ELi4ELi1EEEENSG_IJLi8ELi1ELi32ELi1EEEENSG_IJLi0ELi3ELi1ELi2EEEES16_NSG_IJLi1ELi1ELi4ELi1EEEES16_S17_NSG_IJLi0ELi1ELi2ELi3ELi4ELi5EEEELi5ELi4EEEffNS3_INS4_IJSA_SC_SE_SE_NSB_INS4_IJiNS7_IiLi128EEEEEELb0EEENSD_IS8_EEEEENS4_IJSH_SI_SJ_SU_SN_SV_EEENS4_IJSL_SM_SN_NSG_IJLi6EEEENSG_IJLi7ELi8EEEENSG_IJLi9EEEEEEENSG_IJLi6ELi7ELi8ELi9EEEElEENS3_IS1E_NS4_IJSH_SJ_SI_SU_SN_SV_EEES1J_S1K_lEENS3_INS4_IJSA_SE_SE_NSB_INS4_IJiNS7_IiLi2EEENS7_IiLi64EEEEEELb0EEES1R_EEENS4_IJSH_SJ_SI_SU_SV_EEENS4_IJSL_SU_SV_NSG_IJLi5ELi6ELi7EEEENSG_IJLi8ELi9ELi10EEEEEEENSG_IJLi5ELi6ELi7ELi8ELi9ELi10EEEElEENS_31BlockToCTileMap_M00_N00_M01_N01ILi128ELi128ESX_Lb0EEELb1ELb1EEEvPKT0_S23_PT1_T2_T3_T4_T5_.kd,2,0,3,257468,257468,262144,256,32768,0,120,0,48,64,0x0,0x7f5ca5c263c0,11392964,11392964,4096,162144256,7263103138,55721583860,5233287560422802,5233299347665358,5233299354991425,5233287578207818
4,"mfma_f32_16x16x4f32_gemm_kernel(float const*, float const*, float*, int, int, int) ",2,0,4,257468,257468,524288,256,6144,0,60,4,32,64,0x0,0x7f5ca5cb4d40,8650593,8650593,8192,105660416,5455601363,41640909181,5233287561279754,5233299354991425,5233299360573175,5233287583706774
5,_kernel_0d1d2d3d4d5d6d7c8d9c10d11c.kd,2,0,5,257468,257468,1048576,256,61440,0,128,16,48,64,0x0,0x7f5ca5c78680,37275576,37275576,16384,159252480,23727153467,176771129661,5233287572656074,5233299360573175,5233299383293135,5233287606456778
6,"void elementwise_kernel<FillFunctor, Array >(int, FillFunctor<int>, Array<char*, 1>) ",2,0,8,257468,257468,16000000,256,0,0,4,4,16,64,0x0,0x7f5ca4f993c0,305940,305940,250000,2000000,188381584,1416429231,5233287609553730,5233299386347689,5233299386527689,5233287609851057
7,_kernel_0d1d2d3d4d5d6d7c8d9c10d11c.kd,2,0,9,257468,257468,1048576,256,61440,0,128,16,48,64,0x0,0x7f5ca5c78680,37283411,37283411,16384,159252480,23729849047,176790168753,5233287609744708,5233299386527772,5233299409251897,5233287632704063
8,"void elementwise_kernel<FillFunctor, Array >(int, FillFunctor<int>, Array<char*, 1>) ",2,0,10,257468,257468,16000000,256,0,0,4,4,16,64,0x0,0x7f5ca4f993c0,311314,311314,250000,2000000,188544546,1415339046,5233287609863450,5233299409251897,5233299409432055,5233287632883639
9,_kernel_0d1d2d3d4d5d6d7c8d9c10d11c.kd,2,0,11,257468,257468,1048576,256,61440,0,128,16,48,64,0x0,0x7f5ca5c78680,37276291,37276291,16384,159252480,23728158568,176770812154,5233287610021846,5233299409432055,5233299432128180,5233287655549234
10,"void elementwise_kernel<FillFunctor, Array >(int, FillFunctor<int>, Array<char*, 1>) ",2,0,12,257468,257468,16000000,256,0,0,4,4,16,64,0x0,0x7f5ca4f993c0,315042,315042,250000,2000000,191221729,1435129484,5233287610150567,5233299432128180,5233299432304500,5233287655759096
11,_kernel_0d1d2d3d4d5d6d7c8d9c10d11c.kd,2,0,13,257468,257468,1048576,256,61440,0,128,16,48,64,0x0,0x7f5ca5c78680,37285101,37285101,16384,159252480,23730186717,176784961414,5233287610285679,5233299432304500,5233299455006385,5233287678506074
12,"void elementwise_kernel<FillFunctor, Array >(int, FillFunctor<int>, Array<char*, 1>) ",2,0,14,257468,257468,16000000,256,0,0,4,4,16,64,0x0,0x7f5ca4f993c0,325593,325593,250000,2000000,197504618,1481482225,5233287610382360,5233299455006385,5233299455183505,5233287678721477
13,_kernel_0d1d2d3d4d5d6d7c8d9c10d11c.kd,2,0,15,257468,257468,1048576,256,61440,0,128,16,48,64,0x0,0x7f5ca5c78680,37266368,37266368,16384,159252480,23719438396,176703870225,5233287610516231,5233299455183506,5233299477888431,5233287701456843
14,"void elementwise_kernel<FillFunctor, Array >(int, FillFunctor<int>, Array<char*, 1>) ",2,0,16,257468,257468,16000000,256,0,0,4,4,16,64,0x0,0x7f5ca4f993c0,315795,315795,250000,2000000,191266512,1435489251,5233287610611319,5233299477888431,5233299478065549,5233287701663379
15,_kernel_0d1d2d3d4d5d6d7c8d9c10d11c.kd,2,0,17,257468,257468,1048576,256,61440,0,128,16,48,64,0x0,0x7f5ca5c78680,37270297,37270297,16384,159252480,23719609104,176709107209,5233287610750890,5233299478065549,5233299500772714,5233287724399507
16,_kernel_0d1d2d3d4d5d6d7c8d9c10d11c.kd,2,0,19,257468,257468,1048576,256,61440,0,128,16,48,64,0x0,0x7f5ca5c78680,37252659,37252659,16384,159252480,23712379048,176648200233,5233287724522817,5233299500881194,5233299523596999,5233287747425156
17,"void elementwise_kernel<FillFunctor, Array >(int, FillFunctor<int>, Array<char*, 1>) ",2,0,20,257468,257468,16000000,256,0,0,4,4,16,64,0x0,0x7f5ca4f993c0,316259,316259,250000,2000000,191551416,1437631454,5233287724667047,5233299523596999,5233299523771719,5233287747573543
18,_kernel_0d1d2d3d4d5d6d7c8d9c10d11c.kd,2,0,22,257468,257468,1048576,256,61440,0,128,16,48,64,0x0,0x7f5ca5c78680,37264220,37264220,16384,159252480,23715348583,176673557210,5233287724832256,5233299523785124,5233299546488936,5233287770322264
19,"void elementwise_kernel<FillFunctor, Array >(int, FillFunctor<int>, Array<char*, 1>) ",2,0,24,257468,257468,16000000,256,0,0,4,4,16,64,0x0,0x7f5ca4f993c0,314736,314736,250000,2000000,190143559,1427382922,5233287724952451,5233299546499974,5233299546679814,5233287770536114
20,_kernel_0d1d2d3d4d5d6d7c8d9c10d11c.kd,2,0,26,257468,257468,1048576,256,61440,0,128,16,48,64,0x0,0x7f5ca5c78680,37269225,37269225,16384,159252480,23721304939,176719698902,5233287725113052,5233299546691974,5233299569394825,5233287793287150
21,"void elementwise_kernel<FillFunctor, Array >(int, FillFunctor<int>, Array<char*, 1>) ",2,0,28,257468,257468,16000000,256,0,0,4,4,16,64,0x0,0x7f5ca4f993c0,309924,309924,250000,2000000,187711782,1409472184,5233287725230641,5233299569405705,5233299569586345,5233287793500208
22,_kernel_0d1d2d3d4d5d6d7c8d9c10d11c.kd,2,0,30,257468,257468,1048576,256,61440,0,128,16,48,64,0x0,0x7f5ca5c78680,37260517,37260517,16384,159252480,23716939679,176692296435,5233287725385922,5233299569598345,5233299592312876,5233287816244200
23,"void elementwise_kernel<FillFunctor, Array >(int, FillFunctor<int>, Array<char*, 1>) ",2,0,32,257468,257468,16000000,256,0,0,4,4,16,64,0x0,0x7f5ca4f993c0,310538,310538,250000,2000000,187812609,1410120342,5233287725500857,5233299592323756,5233299592497676,5233287816457559
24,_kernel_0d1d2d3d4d5d6d7c8d9c10d11c.kd,2,0,34,257468,257468,1048576,256,61440,0,128,16,48,64,0x0,0x7f5ca5c78680,37261856,37261856,16384,159252480,23714721507,176666603200,5233287725655967,5233299592509401,5233299615215928,5233287839206170
25,_kernel_0d1d2d3d4d5d6d7c8d9c10d11c.kd,2,0,36,257468,257468,1048576,256,40960,0,112,16,32,64,0x0,0x7f5ca5c18680,37479085,37479085,16384,152666112,23852176060,177603503803,5233287847357377,5233299623270154,5233299646094760,5233287870387644
26,"void elementwise_kernel<FillFunctor, Array >(int, FillFunctor<int>, Array<char*, 1>) ",2,0,39,257468,257468,16000000,256,0,0,4,4,16,64,0x0,0x7f5ca4f993c0,308199,308199,250000,2000000,188802904,1422103888,5233287870405848,5233299646190920,5233299646366760,5233287870792872
27,_kernel_0d1d2d3d4d5d6d7c8d9c10d11c.kd,2,0,40,257468,257468,1048576,256,40960,0,112,16,32,64,0x0,0x7f5ca5c18680,37497056,37497056,16384,152666112,23867562772,177703557371,5233287870674882,5233299646366760,5233299669201926,5233287893728853
28,"void elementwise_kernel<FillFunctor, Array >(int, FillFunctor<int>, Array<char*, 1>) ",2,0,41,257468,257468,16000000,256,0,0,4,4,16,64,0x0,0x7f5ca4f993c0,320890,320890,250000,2000000,194443267,1458738044,5233287870774708,5233299669201926,5233299669378406,5233287893875868
29,_kernel_0d1d2d3d4d5d6d7c8d9c10d11c.kd,2,0,42,257468,257468,1048576,256,40960,0,112,16,32,64,0x0,0x7f5ca5c18680,37479410,37479410,16384,152666112,23854620514,177607079407,5233287870927243,5233299669378548,5233299692213240,5233287916740586
30,"void elementwise_kernel<FillFunctor, Array >(int, FillFunctor<int>, Array<char*, 1>) ",2,0,43,257468,257468,16000000,256,0,0,4,4,16,64,0x0,0x7f5ca4f993c0,315649,315649,250000,2000000,191258111,1435365909,5233287871034174,5233299692213240,5233299692390038,5233287916948104
31,_kernel_0d1d2d3d4d5d6d7c8d9c10d11c.kd,2,0,44,257468,257468,1048576,256,40960,0,112,16,32,64,0x0,0x7f5ca5c18680,37494914,37494914,16384,152666112,23865089635,177687040208,5233287871168715,5233299692390038,5233299715232570,5233287939819545
32,"void elementwise_kernel<FillFunctor, Array >(int, FillFunctor<int>, Array<char*, 1>) ",2,0,45,257468,257468,16000000,256,0,0,4,4,16,64,0x0,0x7f5ca4f993c0,318887,318887,250000,2000000,193198976,1449766229,5233287871279422,5233299715232570,5233299715407609,5233287940031091
33,_kernel_0d1d2d3d4d5d6d7c8d9c10d11c.kd,2,0,46,257468,257468,1048576,256,40960,0,112,16,32,64,0x0,0x7f5ca5c18680,37479248,37479248,16384,152666112,23855783617,177619160980,5233287871435925,5233299715407609,5233299738231581,5233287962892903
34,"void elementwise_kernel<FillFunctor, Array >(int, FillFunctor<int>, Array<char*, 1>) ",2,0,47,257468,257468,16000000,256,0,0,4,4,16,64,0x0,0x7f5ca4f993c0,318501,318501,250000,2000000,193155419,1449495981,5233287871525723,5233299738231581,5233299738406780,5233287963105020
35,_kernel_0d1d2d3d4d5d6d7c8d9c10d11c.kd,2,0,48,257468,257468,1048576,256,40960,0,112,16,32,64,0x0,0x7f5ca5c18680,37480649,37480649,16384,152666112,23850784906,177571617231,5233287871654193,5233299738406752,5233299761234723,5233287985970360
36,_kernel_0d1d2d3d4d5d6d7c8d9c10d11c.kd,2,0,50,257468,257468,1048576,256,40960,0,112,16,32,64,0x0,0x7f5ca5c18680,37484156,37484156,16384,152666112,23859302008,177642874357,5233287986092588,5233299761336481,5233299784171172,5233288009131632
37,"void elementwise_kernel<FillFunctor, Array >(int, FillFunctor<int>, Array<char*, 1>) ",2,0,51,257468,257468,16000000,256,0,0,4,4,16,64,0x0,0x7f5ca4f993c0,324579,324579,250000,2000000,197000067,1477695503,5233287986232680,5233299784171172,5233299784347331,5233288009281262
38,_kernel_0d1d2d3d4d5d6d7c8d9c10d11c.kd,2,0,53,257468,257468,1048576,256,40960,0,112,16,32,64,0x0,0x7f5ca5c18680,37490731,37490731,16384,152666112,23857800388,177638522602,5233287986395214,5233299784360611,5233299807175142,5233288032156480
39,"void elementwise_kernel<FillFunctor, Array >(int, FillFunctor<int>, Array<char*, 1>) ",2,0,55,257468,257468,16000000,256,0,0,4,4,16,64,0x0,0x7f5ca4f993c0,312377,312377,250000,2000000,189059045,1419218387,5233287986518204,5233299807186022,5233299807363621,5233288032371862
40,_kernel_0d1d2d3d4d5d6d7c8d9c10d11c.kd,2,0,57,257468,257468,1048576,256,40960,0,112,16,32,64,0x0,0x7f5ca5c18680,37478559,37478559,16384,152666112,23853143453,177595160949,5233287986677502,5233299807376112,5233299830208568,5233288055241670
41,"void elementwise_kernel<FillFunctor, Array >(int, FillFunctor<int>, Array<char*, 1>) ",2,0,59,257468,257468,16000000,256,0,0,4,4,16,64,0x0,0x7f5ca4f993c0,312619,312619,250000,2000000,189443201,1422028508,5233287986795934,5233299830219606,5233299830396726,5233288055452585
42,_kernel_0d1d2d3d4d5d6d7c8d9c10d11c.kd,2,0,61,257468,257468,1048576,256,40960,0,112,16,32,64,0x0,0x7f5ca5c18680,37473348,37473348,16384,152666112,23848519074,177563189478,5233287986954711,5233299830408886,5233299853232062,5233288078317062
43,"void elementwise_kernel<FillFunctor, Array >(int, FillFunctor<int>, Array<char*, 1>) ",2,0,63,257468,257468,16000000,256,0,0,4,4,16,64,0x0,0x7f5ca4f993c0,311383,311383,250000,2000000,188283605,1413396464,5233287987072461,5233299853242782,5233299853418942,5233288078531714
44,_kernel_0d1d2d3d4d5d6d7c8d9c10d11c.kd,2,0,65,257468,257468,1048576,256,40960,0,112,16,32,64,0x0,0x7f5ca5c18680,37483566,37483566,16384,152666112,23858506325,177638025731,5233287987228273,5233299853430942,5233299876258757,5233288101400990
45,"void elementwise_kernel<FillFunctor, Array >(int, FillFunctor<float>, Array<char*, 1>) ",2,0,67,257468,257468,4194304,256,0,0,4,4,16,64,0x0,0x7f5ca4f998c0,92318,92318,65536,524288,51214317,389607576,5233288101630189,5233299876462917,5233299876511557,5233288101818942
46,_kernel_0d1d2d3d4d5d6d7c8d9c10d11c.kd,2,0,68,257468,257468,2097152,256,61440,0,128,16,48,64,0x0,0x7f5ca5c08680,37069895,37069895,32768,161611776,23599385276,175858299945,5233288107553147,5233299882445318,5233299905041143,5233288130335080
47,"void elementwise_kernel<FillFunctor, Array >(int, FillFunctor<int>, Array<char*, 1>) ",2,0,71,257468,257468,16000000,256,0,0,4,4,16,64,0x0,0x7f5ca4f993c0,308473,308473,250000,2000000,188746382,1422902652,5233288130349567,5233299905118261,5233299905303701,5233288130737573
48,"void elementwise_kernel<FillFunctor, Array >(int, FillFunctor<float>, Array<char*, 1>) ",2,0,72,257468,257468,4194304,256,0,0,4,4,16,64,0x0,0x7f5ca4f998c0,104387,104387,65536,524288,57618631,437565867,5233288130560432,5233299905303701,5233299905355861,5233288130868148
49,_kernel_0d1d2d3d4d5d6d7c8d9c10d11c.kd,2,0,73,257468,257468,2097152,256,61440,0,128,16,48,64,0x0,0x7f5ca5c08680,37071167,37071167,32768,161611776,23596457499,175835662687,5233288130718898,5233299905355861,5233299927952006,5233288153517723
50,"void elementwise_kernel<FillFunctor, Array >(int, FillFunctor<int>, Array<char*, 1>) ",2,0,74,257468,257468,16000000,256,0,0,4,4,16,64,0x0,0x7f5ca4f993c0,309931,309931,250000,2000000,187608068,1408572045,5233288130842319,5233299927952006,5233299928132486,5233288153658707
51,"void elementwise_kernel<FillFunctor, Array >(int, FillFunctor<float>, Array<char*, 1>) ",2,0,75,257468,257468,4194304,256,0,0,4,4,16,64,0x0,0x7f5ca4f998c0,105597,105597,65536,524288,57485441,430979954,5233288131033156,5233299928132486,5233299928184486,5233288153771217
52,_kernel_0d1d2d3d4d5d6d7c8d9c10d11c.kd,2,0,76,257468,257468,2097152,256,61440,0,128,16,48,64,0x0,0x7f5ca5c08680,37035909,37035909,32768,161611776,23574552167,175669675479,5233288131172297,5233299928184486,5233299950762710,5233288176361191
53,"void elementwise_kernel<FillFunctor, Array >(int, FillFunctor<int>, Array<char*, 1>) ",2,0,77,257468,257468,16000000,256,0,0,4,4,16,64,0x0,0x7f5ca4f993c0,318527,318527,250000,2000000,193063359,1448664654,5233288131264719,5233299950762710,5233299950939350,5233288176572246
54,"void elementwise_kernel<FillFunctor, Array >(int, FillFunctor<float>, Array<char*, 1>) ",2,0,78,257468,257468,4194304,256,0,0,4,4,16,64,0x0,0x7f5ca4f998c0,106151,106151,65536,524288,57516159,431249366,5233288131349588,5233299950939350,5233299950987510,5233288176654600
55,_kernel_0d1d2d3d4d5d6d7c8d9c10d11c.kd,2,0,79,257468,257468,2097152,256,61440,0,128,16,48,64,0x0,0x7f5ca5c08680,37023026,37023026,32768,161611776,23566988295,175613304276,5233288131481996,5233299950987096,5233299973562751,5233288199263630
56,"void elementwise_kernel<FillFunctor, Array >(int, FillFunctor<int>, Array<char*, 1>) ",2,0,80,257468,257468,16000000,256,0,0,4,4,16,64,0x0,0x7f5ca4f993c0,317519,317519,250000,2000000,192707258,1446007062,5233288131574599,5233299973562751,5233299973738909,5233288199471779
57,"void elementwise_kernel<FillFunctor, Array >(int, FillFunctor<float>, Array<char*, 1>) ",2,0,81,257468,257468,4194304,256,0,0,4,4,16,64,0x0,0x7f5ca4f998c0,103776,103776,65536,524288,56473061,423383286,5233288131663405,5233299973738909,5233299973790109,5233288199552240
58,_kernel_0d1d2d3d4d5d6d7c8d9c10d11c.kd,2,0,82,257468,257468,2097152,256,61440,0,128,16,48,64,0x0,0x7f5ca5c08680,37059164,37059164,32768,161611776,23590605925,175790119233,5233288131818375,5233299973790109,5233299996374243,5233288222176157
59,"void elementwise_kernel<FillFunctor, Array >(int, FillFunctor<int>, Array<char*, 1>) ",2,0,83,257468,257468,16000000,256,0,0,4,4,16,64,0x0,0x7f5ca4f993c0,315467,315467,250000,2000000,190420545,1429370108,5233288131914996,5233299996374243,5233299996552323,5233288222385539
60,"void elementwise_kernel<FillFunctor, Array >(int, FillFunctor<float>, Array<char*, 1>) ",2,0,84,257468,257468,4194304,256,0,0,4,4,16,64,0x0,0x7f5ca4f998c0,106464,106464,65536,524288,58017689,434845415,5233288131999844,5233299996552323,5233299996600643,5233288222467783
61,_kernel_0d1d2d3d4d5d6d7c8d9c10d11c.kd,2,0,85,257468,257468,2097152,256,61440,0,128,16,48,64,0x0,0x7f5ca5c08680,37028537,37028537,32768,161611776,23567291601,175614217678,5233288132136240,5233299996600643,5233300019179177,5233288245075029
62,"void elementwise_kernel<FillFunctor, Array >(int, FillFunctor<float>, Array<char*, 1>) ",2,0,87,257468,257468,4194304,256,0,0,4,4,16,64,0x0,0x7f5ca4f998c0,93312,93312,65536,524288,51717364,388622400,5233288245149378,5233300019241417,5233300019288297,5233288245360022
63,_kernel_0d1d2d3d4d5d6d7c8d9c10d11c.kd,2,0,88,257468,257468,2097152,256,61440,0,128,16,48,64,0x0,0x7f5ca5c08680,37047972,37047972,32768,161611776,23583203124,175734493394,5233288245368207,5233300019312746,5233300041894644,5233288268211385
64,"void elementwise_kernel<FillFunctor, Array >(int, FillFunctor<int>, Array<char*, 1>) ",2,0,89,257468,257468,16000000,256,0,0,4,4,16,64,0x0,0x7f5ca4f993c0,317318,317318,250000,2000000,192313210,1443221909,5233288245551129,5233300041894644,5233300042070642,5233288268351136
65,"void elementwise_kernel<FillFunctor, Array >(int, FillFunctor<float>, Array<char*, 1>) ",2,0,91,257468,257468,4194304,256,0,0,4,4,16,64,0x0,0x7f5ca4f998c0,105385,105385,65536,524288,51748174,388846317,5233288245669741,5233300042083922,5233300042132402,5233288268460140
66,_kernel_0d1d2d3d4d5d6d7c8d9c10d11c.kd,2,0,92,257468,257468,2097152,256,61440,0,128,16,48,64,0x0,0x7f5ca5c08680,37054139,37054139,32768,161611776,23586741434,175761080753,5233288245812819,5233300042132402,5233300064708859,5233288291065112
67,"void elementwise_kernel<FillFunctor, Array >(int, FillFunctor<int>, Array<char*, 1>) ",2,0,94,257468,257468,16000000,256,0,0,4,4,16,64,0x0,0x7f5ca4f993c0,313958,313958,250000,2000000,190245394,1428000157,5233288245931220,5233300064720219,5233300064897979,5233288291280856
68,"void elementwise_kernel<FillFunctor, Array >(int, FillFunctor<float>, Array<char*, 1>) ",2,0,96,257468,257468,4194304,256,0,0,4,4,16,64,0x0,0x7f5ca4f998c0,101577,101577,65536,524288,55013933,412829699,5233288246047288,5233300064909979,5233300064957499,5233288291369442
69,_kernel_0d1d2d3d4d5d6d7c8d9c10d11c.kd,2,0,97,257468,257468,2097152,256,61440,0,128,16,48,64,0x0,0x7f5ca5c08680,37063128,37063128,32768,161611776,23588153152,175775271139,5233288246196677,5233300064957499,5233300087537476,5233288313994762
70,"void elementwise_kernel<FillFunctor, Array >(int, FillFunctor<int>, Array<char*, 1>) ",2,0,99,257468,257468,16000000,256,0,0,4,4,16,64,0x0,0x7f5ca4f993c0,312871,312871,250000,2000000,189313494,1420965804,5233288246313135,5233300087548836,5233300087724356,5233288314210485
71,"void elementwise_kernel<FillFunctor, Array >(int, FillFunctor<float>, Array<char*, 1>) ",2,0,101,257468,257468,4194304,256,0,0,4,4,16,64,0x0,0x7f5ca4f998c0,102584,102584,65536,524288,55598267,416981664,5233288246424373,5233300087736516,5233300087782596,5233288314298019
72,_kernel_0d1d2d3d4d5d6d7c8d9c10d11c.kd,2,0,102,257468,257468,2097152,256,61440,0,128,16,48,64,0x0,0x7f5ca5c08680,37051837,37051837,32768,161611776,23585422672,175751002146,5233288246563743,5233300087782583,5233300110373920,5233288336924171
73,"void elementwise_kernel<FillFunctor, Array >(int, FillFunctor<int>, Array<char*, 1>) ",2,0,104,257468,257468,16000000,256,0,0,4,4,16,64,0x0,0x7f5ca4f993c0,306990,306990,250000,2000000,185733216,1394769072,5233288246681724,5233300110385278,5233300110563038,5233288337132981
74,"void elementwise_kernel<FillFunctor, Array >(int, FillFunctor<float>, Array<char*, 1>) ",2,0,106,257468,257468,4194304,256,0,0,4,4,16,64,0x0,0x7f5ca4f998c0,99326,99326,65536,524288,53565551,402140114,5233288246796399,5233300110575038,5233300110623518,5233288337218832
75,_kernel_0d1d2d3d4d5d6d7c8d9c10d11c.kd,2,0,107,257468,257468,2097152,256,61440,0,128,16,48,64,0x0,0x7f5ca5c08680,37051961,37051961,32768,161611776,23585901406,175756301686,5233288246935649,5233300110623518,5233300133213415,5233288359840896
76,"void elementwise_kernel<FillFunctor, Array >(int, FillFunctor<float>, Array<char*, 1>) ",2,0,109,257468,257468,4194304,256,0,0,4,4,16,64,0x0,0x7f5ca4f998c0,90288,90288,65536,524288,50020191,375996689,5233288360051550,5233300133409735,5233300133456775,5233288360250202
77,_kernel_0d1d2d3d4d5d6d7c8d9c10d11c.kd,2,0,110,257468,257468,2097152,256,40960,0,116,20,32,64,0x0,0x7f5ca5520680,37298239,37298239,32768,154730496,23743633430,176830022102,5233288365623022,5233300139158529,5233300161881546,5233288388533726
78,"void elementwise_kernel<FillFunctor, Array >(int, FillFunctor<int>, Array<char*, 1>) ",2,0,113,257468,257468,16000000,256,0,0,4,4,16,64,0x0,0x7f5ca4f993c0,306605,306605,250000,2000000,187573071,1412817105,5233288388552711,5233300161967786,5233300162144585,5233288388932582
79,"void elementwise_kernel<FillFunctor, Array >(int, FillFunctor<float>, Array<char*, 1>) ",2,0,114,257468,257468,4194304,256,0,0,4,4,16,64,0x0,0x7f5ca4f998c0,100221,100221,65536,524288,55257606,416096831,5233288388756051,5233300162144585,5233300162193065,5233288389047537
80,_kernel_0d1d2d3d4d5d6d7c8d9c10d11c.kd,2,0,115,257468,257468,2097152,256,40960,0,116,20,32,64,0x0,0x7f5ca5520680,37302215,37302215,32768,154730496,23744271830,176826640290,5233288388904709,5233300162193185,5233300184906445,5233288411844578
81,"void elementwise_kernel<FillFunctor, Array >(int, FillFunctor<int>, Array<char*, 1>) ",2,0,116,257468,257468,16000000,256,0,0,4,4,16,64,0x0,0x7f5ca4f993c0,314840,314840,250000,2000000,190515799,1429951159,5233288389005378,5233300184906445,5233300185084843,5233288411990010
82,"void elementwise_kernel<FillFunctor, Array >(int, FillFunctor<float>, Array<char*, 1>) ",2,0,117,257468,257468,4194304,256,0,0,4,4,16,64,0x0,0x7f5ca4f998c0,108828,108828,65536,524288,59425201,445278888,5233288389244565,5233300185084843,5233300185136043,5233288412075149
83,_kernel_0d1d2d3d4d5d6d7c8d9c10d11c.kd,2,0,118,257468,257468,2097152,256,40960,0,116,20,32,64,0x0,0x7f5ca5520680,37307092,37307092,32768,154730496,23743285849,176821833700,5233288389407921,5233300185136043,5233300207872342,5233288434841463
84,"void elementwise_kernel<FillFunctor, Array >(int, FillFunctor<int>, Array<char*, 1>) ",2,0,119,257468,257468,16000000,256,0,0,4,4,16,64,0x0,0x7f5ca4f993c0,317103,317103,250000,2000000,191739778,1438958666,5233288389500504,5233300207872342,5233300208050102,5233288435051957
85,"void elementwise_kernel<FillFunctor, Array >(int, FillFunctor<float>, Array<char*, 1>) ",2,0,120,257468,257468,4194304,256,0,0,4,4,16,64,0x0,0x7f5ca4f998c0,106097,106097,65536,524288,57169069,428620782,5233288389585914,5233300208050102,5233300208098262,5233288435135864
86,_kernel_0d1d2d3d4d5d6d7c8d9c10d11c.kd,2,0,121,257468,257468,2097152,256,40960,0,116,20,32,64,0x0,0x7f5ca5520680,37313921,37313921,32768,154730496,23750993426,176876022323,5233288389719874,5233300208098262,5233300230832001,5233288457904622
87,"void elementwise_kernel<FillFunctor, Array >(int, FillFunctor<int>, Array<char*, 1>) ",2,0,122,257468,257468,16000000,256,0,0,4,4,16,64,0x0,0x7f5ca4f993c0,314991,314991,250000,2000000,190678804,1431082078,5233288389808851,5233300230832001,5233300231008161,5233288458114745
88,"void elementwise_kernel<FillFunctor, Array >(int, FillFunctor<float>, Array<char*, 1>) ",2,0,123,257468,257468,4194304,256,0,0,4,4,16,64,0x0,0x7f5ca4f998c0,107564,107564,65536,524288,58689302,439702877,5233288389890383,5233300231008161,5233300231056961,5233288458200125
89,_kernel_0d1d2d3d4d5d6d7c8d9c10d11c.kd,2,0,124,257468,257468,2097152,256,40960,0,116,20,32,64,0x0,0x7f5ca5520680,37297907,37297907,32768,154730496,23739892077,176792791434,5233288390039342,5233300231057079,5233300253786821,5233288480963413
90,"void elementwise_kernel<FillFunctor, Array >(int, FillFunctor<int>, Array<char*, 1>) ",2,0,125,257468,257468,16000000,256,0,0,4,4,16,64,0x0,0x7f5ca4f993c0,321126,321126,250000,2000000,194646077,1460264925,5233288390142184,5233300253786821,5233300253964579,5233288481173656
91,"void elementwise_kernel<FillFunctor, Array >(int, FillFunctor<float>, Array<char*, 1>) ",2,0,126,257468,257468,4194304,256,0,0,4,4,16,64,0x0,0x7f5ca4f998c0,105222,105222,65536,524288,57008481,427568574,5233288390225991,5233300253964579,5233300254012099,5233288481255109
92,_kernel_0d1d2d3d4d5d6d7c8d9c10d11c.kd,2,0,127,257468,257468,2097152,256,40960,0,116,20,32,64,0x0,0x7f5ca5520680,37299762,37299762,32768,154730496,23739113446,176787989012,5233288390358909,5233300254012099,5233300276730481,5233288504016944
93,"void elementwise_kernel<FillFunctor, Array >(int, FillFunctor<float>, Array<char*, 1>) ",2,0,129,257468,257468,4194304,256,0,0,4,4,16,64,0x0,0x7f5ca4f998c0,93970,93970,65536,524288,52185422,391741917,5233288504087937,5233300276791601,5233300276839281,5233288504288773
94,_kernel_0d1d2d3d4d5d6d7c8d9c10d11c.kd,2,0,130,257468,257468,2097152,256,40960,0,116,20,32,64,0x0,0x7f5ca5520680,37308506,37308506,32768,154730496,23748430683,176853625039,5233288504293632,5233300276860561,5233300299578782,5233288527275399
95,"void elementwise_kernel<FillFunctor, Array >(int, FillFunctor<int>, Array<char*, 1>) ",2,0,131,257468,257468,16000000,256,0,0,4,4,16,64,0x0,0x7f5ca4f993c0,317760,317760,250000,2000000,192275443,1442615390,5233288504474841,5233300299578782,5233300299755742,5233288527422183
96,"void elementwise_kernel<FillFunctor, Array >(int, FillFunctor<float>, Array<char*, 1>) ",2,0,133,257468,257468,4194304,256,0,0,4,4,16,64,0x0,0x7f5ca4f998c0,96102,96102,65536,524288,50848509,382022881,5233288504594484,5233300299769182,5233300299816542,5233288527546165
97,_kernel_0d1d2d3d4d5d6d7c8d9c10d11c.kd,2,0,134,257468,257468,2097152,256,40960,0,116,20,32,64,0x0,0x7f5ca5520680,37305772,37305772,32768,154730496,23743026571,176818393796,5233288504738704,5233300299816554,5233300322536376,5233288550286530
98,"void elementwise_kernel<FillFunctor, Array >(int, FillFunctor<int>, Array<char*, 1>) ",2,0,136,257468,257468,16000000,256,0,0,4,4,16,64,0x0,0x7f5ca4f993c0,315641,315641,250000,2000000,190811839,1432079215,5233288504860192,5233300322547894,5233300322730934,5233288550500441
99,"void elementwise_kernel<FillFunctor, Array >(int, FillFunctor<float>, Array<char*, 1>) ",2,0,138,257468,257468,4194304,256,0,0,4,4,16,64,0x0,0x7f5ca4f998c0,101213,101213,65536,524288,54531844,409232910,5233288504981709,5233300322742934,5233300322790614,5233288550588635
100,_kernel_0d1d2d3d4d5d6d7c8d9c10d11c.kd,2,0,139,257468,257468,2097152,256,40960,0,116,20,32,64,0x0,0x7f5ca5520680,37299860,37299860,32768,154730496,23740132873,176793022729,5233288505126399,5233300322790614,5233300345509636,5233288573350711
101,"void elementwise_kernel<FillFunctor, Array >(int, FillFunctor<int>, Array<char*, 1>) ",2,0,141,257468,257468,16000000,256,0,0,4,4,16,64,0x0,0x7f5ca4f993c0,314137,314137,250000,2000000,189909425,1425565166,5233288505243569,5233300345521156,5233300345694916,5233288573567717
102,"void elementwise_kernel<FillFunctor, Array >(int, FillFunctor<float>, Array<char*, 1>) ",2,0,143,257468,257468,4194304,256,0,0,4,4,16,64,0x0,0x7f5ca4f998c0,102914,102914,65536,524288,55502252,416430904,5233288505355899,5233300345706916,5233300345753156,5233288573655982
103,_kernel_0d1d2d3d4d5d6d7c8d9c10d11c.kd,2,0,144,257468,257468,2097152,256,40960,0,116,20,32,64,0x0,0x7f5ca5520680,37290488,37290488,32768,154730496,23731066666,176735220180,5233288505494358,5233300345753156,5233300368475857,5233288596416576
104,"void elementwise_kernel<FillFunctor, Array >(int, FillFunctor<int>, Array<char*, 1>) ",2,0,146,257468,257468,16000000,256,0,0,4,4,16,64,0x0,0x7f5ca4f993c0,320378,320378,250000,2000000,193656343,1453392446,5233288505611186,5233300368487377,5233300368661777,5233288596637429
105,"void elementwise_kernel<FillFunctor, Array >(int, FillFunctor<float>, Array<char*, 1>) ",2,0,148,257468,257468,4194304,256,0,0,4,4,16,64,0x0,0x7f5ca4f998c0,102011,102011,65536,524288,54727617,410589985,5233288505724258,5233300368674097,5233300368722257,5233288596725373
106,_kernel_0d1d2d3d4d5d6d7c8d9c10d11c.kd,2,0,149,257468,257468,2097152,256,40960,0,116,20,32,64,0x0,0x7f5ca5520680,37333927,37333927,32768,154730496,23759563310,176939340303,5233288505862897,5233300368722473,5233300391440379,5233288619509170
107,"void elementwise_kernel<FillFunctor, Array >(int, FillFunctor<float>, Array<char*, 1>) ",2,0,151,257468,257468,4194304,256,0,0,4,4,16,64,0x0,0x7f5ca4f998c0,92903,92903,65536,524288,51667865,388094236,5233288619734902,5233300391630937,5233300391679417,5233288619934145
108,_kernel_0d1d2d3d4d5d6d7c8d9c10d11c.kd,2,0,152,257468,257468,4194304,256,61440,0,128,16,48,64,0x0,0x7f5ca54d8680,37698480,37698480,65536,165937152,24001047908,178878741773,5233288625706412,5233300397562134,5233300420524839,5233288648870630
109,"void elementwise_kernel<FillFunctor, Array >(int, FillFunctor<int>, Array<char*, 1>) ",2,0,155,257468,257468,16000000,256,0,0,4,4,16,64,0x0,0x7f5ca4f993c0,308950,308950,250000,2000000,189169123,1425842677,5233288648886830,5233300420618759,5233300420797319,5233288649282590
110,"void elementwise_kernel<FillFunctor, Array >(int, FillFunctor<float>, Array<char*, 1>) ",2,0,156,257468,257468,4194304,256,0,0,4,4,16,64,0x0,0x7f5ca4f998c0,104178,104178,65536,524288,57413213,435595064,5233288649104277,5233300420797319,5233300420847399,5233288649399679
111,_kernel_0d1d2d3d4d5d6d7c8d9c10d11c.kd,2,0,157,257468,257468,4194304,256,61440,0,128,16,48,64,0x0,0x7f5ca54d8680,37610115,37610115,65536,165937152,23940350444,178424712019,5233288649256161,5233300420847399,5233300443794424,5233288672402876
112,"void elementwise_kernel<FillFunctor, Array >(int, FillFunctor<int>, Array<char*, 1>) ",2,0,158,257468,257468,16000000,256,0,0,4,4,16,64,0x0,0x7f5ca4f993c0,318305,318305,250000,2000000,192236548,1442327058,5233288649355436,5233300443794424,5233300443974104,5233288672550492
113,"void elementwise_kernel<FillFunctor, Array >(int, FillFunctor<float>, Array<char*, 1>) ",2,0,159,257468,257468,4194304,256,0,0,4,4,16,64,0x0,0x7f5ca4f998c0,112427,112427,65536,524288,56689601,425014473,5233288649588222,5233300443974104,5233300444024664,5233288672651341
114,_kernel_0d1d2d3d4d5d6d7c8d9c10d11c.kd,2,0,160,257468,257468,4194304,256,61440,0,128,16,48,64,0x0,0x7f5ca54d8680,37672506,37672506,65536,165937152,23978847869,178706551000,5233288649735758,5233300444024520,5233300466973943,5233288695646653
115,"void elementwise_kernel<FillFunctor, Array >(int, FillFunctor<int>, Array<char*, 1>) ",2,0,161,257468,257468,16000000,256,0,0,4,4,16,64,0x0,0x7f5ca4f993c0,317582,317582,250000,2000000,192323776,1443186893,5233288649836717,5233300466973943,5233300467151061,5233288695855093
116,"void elementwise_kernel<FillFunctor, Array >(int, FillFunctor<float>, Array<char*, 1>) ",2,0,162,257468,257468,4194304,256,0,0,4,4,16,64,0x0,0x7f5ca4f998c0,106435,106435,65536,524288,57616377,431912912,5233288649920533,5233300467151061,5233300467200341,5233288695943248
117,_kernel_0d1d2d3d4d5d6d7c8d9c10d11c.kd,2,0,163,257468,257468,4194304,256,61440,0,128,16,48,64,0x0,0x7f5ca54d8680,37645321,37645321,65536,165937152,23962193595,178584396813,5233288650052941,5233300467200341,5233300490153444,5233288718924334
118,"void elementwise_kernel<FillFunctor, Array >(int, FillFunctor<int>, Array<char*, 1>) ",2,0,164,257468,257468,16000000,256,0,0,4,4,16,64,0x0,0x7f5ca4f993c0,314673,314673,250000,2000000,190577281,1430374281,5233288650158288,5233300490153444,5233300490332644,5233288719134467
119,"void elementwise_kernel<FillFunctor, Array >(int, FillFunctor<float>, Array<char*, 1>) ",2,0,165,257468,257468,4194304,256,0,0,4,4,16,64,0x0,0x7f5ca4f998c0,107886,107886,65536,524288,58815063,440748321,5233288650247916,5233300490332644,5233300490380484,5233288719218163
120,_kernel_0d1d2d3d4d5d6d7c8d9c10d11c.kd,2,0,166,257468,257468,4194304,256,61440,0,128,16,48,64,0x0,0x7f5ca54d8680,37692628,37692628,65536,165937152,23993449931,178813173921,5233288650379171,5233300490380484,5233300513351187,5233288742232211
121,"void elementwise_kernel<FillFunctor, Array >(int, FillFunctor<int>, Array<char*, 1>) ",2,0,167,257468,257468,16000000,256,0,0,4,4,16,64,0x0,0x7f5ca4f993c0,319416,319416,250000,2000000,193571785,1452580254,5233288650485921,5233300513351187,5233300513526547,5233288742445519
122,"void elementwise_kernel<FillFunctor, Array >(int, FillFunctor<float>, Array<char*, 1>) ",2,0,168,257468,257468,4194304,256,0,0,4,4,16,64,0x0,0x7f5ca4f998c0,105179,105179,65536,524288,56774967,425800805,5233288650567854,5233300513526547,5233300513576627,5233288742526912
123,_kernel_0d1d2d3d4d5d6d7c8d9c10d11c.kd,2,0,169,257468,257468,4194304,256,61440,0,128,16,48,64,0x0,0x7f5ca54d8680,37652763,37652763,65536,165937152,23966281492,178615976791,5233288650700122,5233300513576569,5233300536516711,5233288765521523
124,"void elementwise_kernel<FillFunctor, Array >(int, FillFunctor<float>, Array<char*, 1>) ",2,0,171,257468,257468,4194304,256,0,0,4,4,16,64,0x0,0x7f5ca4f998c0,90107,90107,65536,524288,49722206,373560210,5233288765591213,5233300536578309,5233300536625189,5233288765808911
125,_kernel_0d1d2d3d4d5d6d7c8d9c10d11c.kd,2,0,172,257468,257468,4194304,256,61440,0,128,16,48,64,0x0,0x7f5ca54d8680,37611544,37611544,65536,165937152,23943104369,178441985517,5233288765818559,5233300536638309,5233300559594131,5233288789002995
126,"void elementwise_kernel<FillFunctor, Array >(int, FillFunctor<int>, Array<char*, 1>) ",2,0,173,257468,257468,16000000,256,0,0,4,4,16,64,0x0,0x7f5ca4f993c0,317827,317827,250000,2000000,192514404,1444715546,5233288765998746,5233300559594131,5233300559770131,5233288789148266
127,"void elementwise_kernel<FillFunctor, Array >(int, FillFunctor<float>, Array<char*, 1>) ",2,0,175,257468,257468,4194304,256,0,0,4,4,16,64,0x0,0x7f5ca4f998c0,105849,105849,65536,524288,57162022,428488160,5233288766122557,5233300559783571,5233300559830451,5233288789256970
128,_kernel_0d1d2d3d4d5d6d7c8d9c10d11c.kd,2,0,176,257468,257468,4194304,256,61440,0,128,16,48,64,0x0,0x7f5ca54d8680,37655036,37655036,65536,165937152,23969804491,178639745709,5233288766272217,5233300559830451,5233300582793793,5233288812234228
129,"void elementwise_kernel<FillFunctor, Array >(int, FillFunctor<int>, Array<char*, 1>) ",2,0,178,257468,257468,16000000,256,0,0,4,4,16,64,0x0,0x7f5ca4f993c0,310479,310479,250000,2000000,187539651,1407967699,5233288766392522,5233300582804993,5233300582981313,5233288812448890
130,"void elementwise_kernel<FillFunctor, Array >(int, FillFunctor<float>, Array<char*, 1>) ",2,0,180,257468,257468,4194304,256,0,0,4,4,16,64,0x0,0x7f5ca4f998c0,101853,101853,65536,524288,54905937,411954956,5233288766508409,5233300582993473,5233300583040673,5233288812540691
131,_kernel_0d1d2d3d4d5d6d7c8d9c10d11c.kd,2,0,181,257468,257468,4194304,256,61440,0,128,16,48,64,0x0,0x7f5ca54d8680,37649612,37649612,65536,165937152,23966531791,178617482657,5233288766658099,5233300583040690,5233300605991553,5233288835530273
132,"void elementwise_kernel<FillFunctor, Array >(int, FillFunctor<int>, Array<char*, 1>) ",2,0,183,257468,257468,16000000,256,0,0,4,4,16,64,0x0,0x7f5ca4f993c0,313958,313958,250000,2000000,188856925,1417987842,5233288766782331,5233300606002911,5233300606177471,5233288835743662
133,"void elementwise_kernel<FillFunctor, Array >(int, FillFunctor<float>, Array<char*, 1>) ",2,0,185,257468,257468,4194304,256,0,0,4,4,16,64,0x0,0x7f5ca4f998c0,102516,102516,65536,524288,55435823,415902612,5233288766898429,5233300606189471,5233300606235871,5233288835832087
134,_kernel_0d1d2d3d4d5d6d7c8d9c10d11c.kd,2,0,186,257468,257468,4194304,256,61440,0,128,16,48,64,0x0,0x7f5ca54d8680,37661113,37661113,65536,165937152,23973389214,178665989663,5233288767039072,5233300606235871,5233300629182093,5233288858826929
135,"void elementwise_kernel<FillFunctor, Array >(int, FillFunctor<int>, Array<char*, 1>) ",2,0,188,257468,257468,16000000,256,0,0,4,4,16,64,0x0,0x7f5ca4f993c0,314320,314320,250000,2000000,190198587,1427634875,5233288767155640,5233300629193453,5233300629372013,5233288859043874
136,"void elementwise_kernel<FillFunctor, Array >(int, FillFunctor<float>, Array<char*, 1>) ",2,0,190,257468,257468,4194304,256,0,0,4,4,16,64,0x0,0x7f5ca4f998c0,102018,102018,65536,524288,54919680,412111266,5233288767268080,5233300629384173,5233300629432173,5233288859131328
137,_kernel_0d1d2d3d4d5d6d7c8d9c10d11c.kd,2,0,191,257468,257468,4194304,256,61440,0,128,16,48,64,0x0,0x7f5ca54d8680,37637405,37637405,65536,165937152,23958618860,178557886547,5233288767406719,5233300629432173,5233300652381595,5233288882112464
138,"void elementwise_kernel<FillFunctor, Array >(int, FillFunctor<float>, Array<char*, 1>) ",2,0,193,257468,257468,4194304,256,0,0,4,4,16,64,0x0,0x7f5ca4f998c0,91688,91688,65536,524288,50756997,381314520,5233288882320693,5233300652578555,5233300652625595,5233288882521829
139,_kernel_0d1d2d3d4d5d6d7c8d9c10d11c.kd,2,0,194,257468,257468,4194304,256,40960,0,116,20,32,64,0x0,0x7f5ca54b0680,37740913,37740913,65536,158531584,24023887484,178948069900,5233288887915438,5233300658123774,5233300681114638,5233288911106236
140,"void elementwise_kernel<FillFunctor, Array >(int, FillFunctor<int>, Array<char*, 1>) ",2,0,197,257468,257468,16000000,256,0,0,4,4,16,64,0x0,0x7f5ca4f993c0,303697,303697,250000,2000000,185718937,1399726429,5233288911121014,5233300681212876,5233300681393516,5233288911504010
141,"void elementwise_kernel<FillFunctor, Array >(int, FillFunctor<float>, Array<char*, 1>) ",2,0,198,257468,257468,4194304,256,0,0,4,4,16,64,0x0,0x7f5ca4f998c0,103121,103121,65536,524288,56621494,428809672,5233288911329464,5233300681393516,5233300681446956,5233288911621370
142,_kernel_0d1d2d3d4d5d6d7c8d9c10d11c.kd,2,0,199,257468,257468,4194304,256,40960,0,116,20,32,64,0x0,0x7f5ca54b0680,37732803,37732803,65536,158531584,24017695925,178887687446,5233288911478362,5233300681446956,5233300704450940,5233288934687304
143,"void elementwise_kernel<FillFunctor, Array >(int, FillFunctor<int>, Array<char*, 1>) ",2,0,200,257468,257468,16000000,256,0,0,4,4,16,64,0x0,0x7f5ca4f993c0,317307,317307,250000,2000000,192153186,1441912021,5233288911577577,5233300704450940,5233300704627740,5233288934834739
144,"void elementwise_kernel<FillFunctor, Array >(int, FillFunctor<float>, Array<char*, 1>) ",2,0,201,257468,257468,4194304,256,0,0,4,4,16,64,0x0,0x7f5ca4f998c0,102456,102456,65536,524288,54993113,412440313,5233288911805815,5233300704627740,5233300704675900,5233288934951207
145,_kernel_0d1d2d3d4d5d6d7c8d9c10d11c.kd,2,0,202,257468,257468,4194304,256,40960,0,116,20,32,64,0x0,0x7f5ca54b0680,37658624,37658624,65536,158531584,23969723519,178539627521,5233288911948491,5233300704675900,5233300727664043,5233288957907927
146,"void elementwise_kernel<FillFunctor, Array >(int, FillFunctor<int>, Array<char*, 1>) ",2,0,203,257468,257468,16000000,256,0,0,4,4,16,64,0x0,0x7f5ca4f993c0,315539,315539,250000,2000000,191112568,1434349788,5233288912044491,5233300727664043,5233300727841163,5233288958119123
147,"void elementwise_kernel<FillFunctor, Array >(int, FillFunctor<float>, Array<char*, 1>) ",2,0,204,257468,257468,4194304,256,0,0,4,4,16,64,0x0,0x7f5ca4f998c0,108534,108534,65536,524288,58567634,438980316,5233288912128779,5233300727841163,5233300727890923,5233288958203841
148,_kernel_0d1d2d3d4d5d6d7c8d9c10d11c.kd,2,0,205,257468,257468,4194304,256,40960,0,116,20,32,64,0x0,0x7f5ca54b0680,37766807,37766807,65536,158531584,24039217610,179048968750,5233288912264292,5233300727890781,5233300750889803,5233288981255188
149,"void elementwise_kernel<FillFunctor, Array >(int, FillFunctor<int>, Array<char*, 1>) ",2,0,206,257468,257468,16000000,256,0,0,4,4,16,64,0x0,0x7f5ca4f993c0,313611,313611,250000,2000000,189583380,1422695582,5233288912356204,5233300750889803,5233300751069161,5233288981461454
150,"void elementwise_kernel<FillFunctor, Array >(int, FillFunctor<float>, Array<char*, 1>) ",2,0,207,257468,257468,4194304,256,0,0,4,4,16,64,0x0,0x7f5ca4f998c0,107027,107027,65536,524288,58185107,436032129,5233288912440462,5233300751069161,5233300751117961,5233288981544499
151,_kernel_0d1d2d3d4d5d6d7c8d9c10d11c.kd,2,0,208,257468,257468,4194304,256,40960,0,116,20,32,64,0x0,0x7f5ca54b0680,37621591,37621591,65536,158531584,23939067172,178311556609,5233288912572829,5233300751117961,5233300774091543,5233289004506298
152,"void elementwise_kernel<FillFunctor, Array >(int, FillFunctor<int>, Array<char*, 1>) ",2,0,209,257468,257468,16000000,256,0,0,4,4,16,64,0x0,0x7f5ca4f993c0,315250,315250,250000,2000000,190254972,1428044468,5233288912681913,5233300774091543,5233300774269143,5233289004717433
153,"void elementwise_kernel<FillFunctor, Array >(int, FillFunctor<float>, Array<char*, 1>) ",2,0,210,257468,257468,4194304,256,0,0,4,4,16,64,0x0,0x7f5ca4f998c0,109691,109691,65536,524288,59726871,447280265,5233288912763566,5233300774269143,5233300774316983,5233289004802222
154,_kernel_0d1d2d3d4d5d6d7c8d9c10d11c.kd,2,0,211,257468,257468,4194304,256,40960,0,116,20,32,64,0x0,0x7f5ca54b0680,37683999,37683999,65536,158531584,23987402658,178667150992,5233288912895923,5233300774316983,5233300797320804,5233289027802994
155,"void elementwise_kernel<FillFunctor, Array >(int, FillFunctor<float>, Array<char*, 1>) ",2,0,213,257468,257468,4194304,256,0,0,4,4,16,64,0x0,0x7f5ca4f998c0,91575,91575,65536,524288,50615894,380332259,5233289027875340,5233300797384484,5233300797432484,5233289028081966
156,_kernel_0d1d2d3d4d5d6d7c8d9c10d11c.kd,2,0,214,257468,257468,4194304,256,40960,0,116,20,32,64,0x0,0x7f5ca54b0680,37736701,37736701,65536,158531584,24021623220,178918402890,5233289028089651,5233300797458702,5233300820428926,5233289051352453
157,"void elementwise_kernel<FillFunctor, Array >(int, FillFunctor<int>, Array<char*, 1>) ",2,0,215,257468,257468,16000000,256,0,0,4,4,16,64,0x0,0x7f5ca4f993c0,313269,313269,250000,2000000,189341429,1421048579,5233289028270860,5233300820428926,5233300820607004,5233289051483248
158,"void elementwise_kernel<FillFunctor, Array >(int, FillFunctor<float>, Array<char*, 1>) ",2,0,217,257468,257468,4194304,256,0,0,4,4,16,64,0x0,0x7f5ca4f998c0,102123,102123,65536,524288,55093629,413219321,5233289028391856,5233300820620444,5233300820668284,5233289051580460
159,_kernel_0d1d2d3d4d5d6d7c8d9c10d11c.kd,2,0,218,257468,257468,4194304,256,40960,0,116,20,32,64,0x0,0x7f5ca54b0680,37739575,37739575,65536,158531584,24020126511,178908941328,5233289028536025,5233300820668284,5233300843632748,5233289074608663
160,"void elementwise_kernel<FillFunctor, Array >(int, FillFunctor<int>, Array<char*, 1>) ",2,0,220,257468,257468,16000000,256,0,0,4,4,16,64,0x0,0x7f5ca4f993c0,312948,312948,250000,2000000,189104346,1419565202,5233289028655219,5233300843644268,5233300843818668,5233289074825319
161,"void elementwise_kernel<FillFunctor, Array >(int, FillFunctor<float>, Array<char*, 1>) ",2,0,222,257468,257468,4194304,256,0,0,4,4,16,64,0x0,0x7f5ca4f998c0,102070,102070,65536,524288,54601918,409898116,5233289028770274,5233300843830828,5233300843882188,5233289074913814
162,_kernel_0d1d2d3d4d5d6d7c8d9c10d11c.kd,2,0,223,257468,257468,4194304,256,40960,0,116,20,32,64,0x0,0x7f5ca54b0680,37686518,37686518,65536,158531584,23981355397,178623681568,5233289028909043,5233300843882188,5233300866902171,5233289097917802
163,"void elementwise_kernel<FillFunctor, Array >(int, FillFunctor<int>, Array<char*, 1>) ",2,0,225,257468,257468,16000000,256,0,0,4,4,16,64,0x0,0x7f5ca4f993c0,313391,313391,250000,2000000,189412196,1421934170,5233289029026242,5233300866913691,5233300867091131,5233289098309385
164,"void elementwise_kernel<FillFunctor, Array >(int, FillFunctor<float>, Array<char*, 1>) ",2,0,227,257468,257468,4194304,256,0,0,4,4,16,64,0x0,0x7f5ca4f998c0,87425,87425,65536,524288,48614343,365658287,5233289029137841,5233300867103291,5233300867149211,5233289098374527
165,_kernel_0d1d2d3d4d5d6d7c8d9c10d11c.kd,2,0,228,257468,257468,4194304,256,40960,0,116,20,32,64,0x0,0x7f5ca54b0680,37684890,37684890,65536,158531584,23986269630,178660761371,5233289029275559,5233300867149431,5233300890135818,5233289121219298
166,"void elementwise_kernel<FillFunctor, Array >(int, FillFunctor<int>, Array<char*, 1>) ",2,0,230,257468,257468,16000000,256,0,0,4,4,16,64,0x0,0x7f5ca4f993c0,320229,320229,250000,2000000,193384179,1450943411,5233289029390945,5233300890147336,5233300890323016,5233289121437105
167,"void elementwise_kernel<FillFunctor, Array >(int, FillFunctor<float>, Array<char*, 1>) ",2,0,232,257468,257468,4194304,256,0,0,4,4,16,64,0x0,0x7f5ca4f998c0,102479,102479,65536,524288,55183190,414087692,5233289029505459,5233300890335016,5233300890381736,5233289121526001
168,_kernel_0d1d2d3d4d5d6d7c8d9c10d11c.kd,2,0,233,257468,257468,4194304,256,40960,0,116,20,32,64,0x0,0x7f5ca54b0680,37740129,37740129,65536,158531584,24021210173,178916012321,5233289029644549,5233300890381736,5233300913389563,5233289144561449
169,"void elementwise_kernel<FillFunctor, Array >(int, FillFunctor<float>, Array<char*, 1>) ",2,0,235,257468,257468,4194304,256,0,0,4,4,16,64,0x0,0x7f5ca4f998c0,90847,90847,65536,524288,49758965,373703708,5233289144769538,5233300913590362,5233300913638362,5233289144967388
170,_kernel_0d1d2d3d4d5d6d7c8d9c10d11c.kd,2,0,236,257468,257468,8388608,256,61440,0,128,16,48,64,0x0,0x7f5ca54a0680,38107059,38107059,131072,174587904,24261710758,180913353429,5233289151054204,5233300920065879,5233300943380104,5233289174486623
171,"void elementwise_kernel<FillFunctor, Array >(int, FillFunctor<int>, Array<char*, 1>) ",2,0,239,257468,257468,16000000,256,0,0,4,4,16,64,0x0,0x7f5ca4f993c0,306283,306283,250000,2000000,187173474,1410494480,5233289174506451,5233300943474344,5233300943653864,5233289174889988
172,"void elementwise_kernel<FillFunctor, Array >(int, FillFunctor<float>, Array<char*, 1>) ",2,0,240,257468,257468,4194304,256,0,0,4,4,16,64,0x0,0x7f5ca4f998c0,105075,105075,65536,524288,57765516,438718538,5233289174713227,5233300943653864,5233300943709064,5233289175024279
173,_kernel_0d1d2d3d4d5d6d7c8d9c10d11c.kd,2,0,241,257468,257468,8388608,256,61440,0,128,16,48,64,0x0,0x7f5ca54a0680,38109992,38109992,131072,174587904,24256789097,180869946920,5233289174869910,5233300943709270,5233300967040459,5233289198328439
174,"void elementwise_kernel<FillFunctor, Array >(int, FillFunctor<int>, Array<char*, 1>) ",2,0,242,257468,257468,16000000,256,0,0,4,4,16,64,0x0,0x7f5ca4f993c0,313607,313607,250000,2000000,189669879,1423701723,5233289174992409,5233300967040459,5233300967221577,5233289198470004
175,"void elementwise_kernel<FillFunctor, Array >(int, FillFunctor<float>, Array<char*, 1>) ",2,0,243,257468,257468,4194304,256,0,0,4,4,16,64,0x0,0x7f5ca4f998c0,102554,102554,65536,524288,55268039,414794845,5233289175189588,5233300967221577,5233300967269097,5233289198576242
176,_kernel_0d1d2d3d4d5d6d7c8d9c10d11c.kd,2,0,244,257468,257468,8388608,256,61440,0,128,16,48,64,0x0,0x7f5ca54a0680,38216518,38216518,131072,174587904,24327271364,181388130831,5233289175327947,5233300967269097,5233300990579486,5233289221907783
177,"void elementwise_kernel<FillFunctor, Array >(int, FillFunctor<int>, Array<char*, 1>) ",2,0,245,257468,257468,16000000,256,0,0,4,4,16,64,0x0,0x7f5ca4f993c0,314771,314771,250000,2000000,190279586,1428080076,5233289175421632,5233300990579486,5233300990761406,5233289222118177
178,"void elementwise_kernel<FillFunctor, Array >(int, FillFunctor<float>, Array<char*, 1>) ",2,0,246,257468,257468,4194304,256,0,0,4,4,16,64,0x0,0x7f5ca4f998c0,113782,113782,65536,524288,57170637,428495312,5233289175505399,5233300990761406,5233300990814526,5233289222214367
179,_kernel_0d1d2d3d4d5d6d7c8d9c10d11c.kd,2,0,247,257468,257468,8388608,256,61440,0,128,16,48,64,0x0,0x7f5ca54a0680,38010966,38010966,131072,174587904,24197207894,180431409549,5233289175642235,5233300990814526,5233301014119954,5233289245434510
180,"void elementwise_kernel<FillFunctor, Array >(int, FillFunctor<int>, Array<char*, 1>) ",2,0,248,257468,257468,16000000,256,0,0,4,4,16,64,0x0,0x7f5ca4f993c0,321762,321762,250000,2000000,195181083,1464163189,5233289175735379,5233301014119954,5233301014296114,5233289245648420
181,"void elementwise_kernel<FillFunctor, Array >(int, FillFunctor<float>, Array<char*, 1>) ",2,0,249,257468,257468,4194304,256,0,0,4,4,16,64,0x0,0x7f5ca4f998c0,106934,106934,65536,524288,58221688,436372232,5233289175818144,5233301014296114,5233301014345714,5233289245731004
182,_kernel_0d1d2d3d4d5d6d7c8d9c10d11c.kd,2,0,250,257468,257468,8388608,256,61440,0,128,16,48,64,0x0,0x7f5ca54a0680,37900106,37900106,131072,174587904,24122538929,179881607887,5233289175956112,5233301014345200,5233301037613343,5233289268898298
183,"void elementwise_kernel<FillFunctor, Array >(int, FillFunctor<int>, Array<char*, 1>) ",2,0,251,257468,257468,16000000,256,0,0,4,4,16,64,0x0,0x7f5ca4f993c0,314608,314608,250000,2000000,190413399,1429199675,5233289176046341,5233301037613343,5233301037790141,5233289269105325
184,"void elementwise_kernel<FillFunctor, Array >(int, FillFunctor<float>, Array<char*, 1>) ",2,0,252,257468,257468,4194304,256,0,0,4,4,16,64,0x0,0x7f5ca4f998c0,106207,106207,65536,524288,57871769,433722500,5233289176143092,5233301037790141,5233301037841021,5233289269187670
185,_kernel_0d1d2d3d4d5d6d7c8d9c10d11c.kd,2,0,253,257468,257468,8388608,256,61440,0,128,16,48,64,0x0,0x7f5ca54a0680,37816330,37816330,131072,174587904,24071334187,179504051767,5233289176275610,5233301037841021,5233301061157004,5233289292301704
186,"void elementwise_kernel<FillFunctor, Array >(int, FillFunctor<float>, Array<char*, 1>) ",2,0,255,257468,257468,4194304,256,0,0,4,4,16,64,0x0,0x7f5ca4f998c0,91500,91500,65536,524288,50485348,379460216,5233289292370963,5233301061219884,5233301061267244,5233289292580876
187,_kernel_0d1d2d3d4d5d6d7c8d9c10d11c.kd,2,0,256,257468,257468,8388608,256,61440,0,128,16,48,64,0x0,0x7f5ca54a0680,38257713,38257713,131072,174587904,24343068224,181504339706,5233289292589622,5233301061288844,5233301084605466,5233289316184456
188,"void elementwise_kernel<FillFunctor, Array >(int, FillFunctor<int>, Array<char*, 1>) ",2,0,257,257468,257468,16000000,256,0,0,4,4,16,64,0x0,0x7f5ca4f993c0,314701,314701,250000,2000000,190362458,1428787129,5233289292771092,5233301084605466,5233301084784506,5233289316327473
189,"void elementwise_kernel<FillFunctor, Array >(int, FillFunctor<float>, Array<char*, 1>) ",2,0,259,257468,257468,4194304,256,0,0,4,4,16,64,0x0,0x7f5ca4f998c0,103336,103336,65536,524288,52136394,395068586,5233289292889704,5233301084798106,5233301084845946,5233289316434824
190,_kernel_0d1d2d3d4d5d6d7c8d9c10d11c.kd,2,0,260,257468,257468,8388608,256,61440,0,128,16,48,64,0x0,0x7f5ca54a0680,38301350,38301350,131072,174587904,24380220922,181780035487,5233289293034515,5233301084845899,5233301108209241,5233289339821939
191,"void elementwise_kernel<FillFunctor, Array >(int, FillFunctor<int>, Array<char*, 1>) ",2,0,262,257468,257468,16000000,256,0,0,4,4,16,64,0x0,0x7f5ca4f993c0,315764,315764,250000,2000000,190780945,1432036891,5233289293156272,5233301108220919,5233301108398519,5233289340037102
192,"void elementwise_kernel<FillFunctor, Array >(int, FillFunctor<float>, Array<char*, 1>) ",2,0,264,257468,257468,4194304,256,0,0,4,4,16,64,0x0,0x7f5ca4f998c0,104487,104487,65536,524288,56687662,425149359,5233289293269855,5233301108410679,5233301108457559,5233289340134925
193,_kernel_0d1d2d3d4d5d6d7c8d9c10d11c.kd,2,0,265,257468,257468,8388608,256,61440,0,128,16,48,64,0x0,0x7f5ca54a0680,38146954,38146954,131072,174587904,24282118173,181057931905,5233289293409576,5233301108457559,5233301131776581,5233289363439094
194,"void elementwise_kernel<FillFunctor, Array >(int, FillFunctor<int>, Array<char*, 1>) ",2,0,267,257468,257468,16000000,256,0,0,4,4,16,64,0x0,0x7f5ca4f993c0,323128,323128,250000,2000000,195419237,1466012653,5233289293525443,5233301131788261,5233301131963301,5233289363661510
195,"void elementwise_kernel<FillFunctor, Array >(int, FillFunctor<float>, Array<char*, 1>) ",2,0,269,257468,257468,4194304,256,0,0,4,4,16,64,0x0,0x7f5ca4f998c0,101573,101573,65536,524288,54728625,410680040,5233289293639436,5233301131975461,5233301132022341,5233289363750076
196,_kernel_0d1d2d3d4d5d6d7c8d9c10d11c.kd,2,0,270,257468,257468,8388608,256,61440,0,128,16,48,64,0x0,0x7f5ca54a0680,38146498,38146498,131072,174587904,24276724592,181015598322,5233289293778626,5233301132022341,5233301155215923,5233289387060518
197,"void elementwise_kernel<FillFunctor, Array >(int, FillFunctor<int>, Array<char*, 1>) ",2,0,272,257468,257468,16000000,256,0,0,4,4,16,64,0x0,0x7f5ca4f993c0,309684,309684,250000,2000000,187162119,1405547116,5233289293894223,5233301155227923,5233301155406963,5233289387275690
198,"void elementwise_kernel<FillFunctor, Array >(int, FillFunctor<float>, Array<char*, 1>) ",2,0,274,257468,257468,4194304,256,0,0,4,4,16,64,0x0,0x7f5ca4f998c0,102621,102621,65536,524288,55347277,415173335,5233289294003737,5233301155419283,5233301155466163,5233289387364727
199,_kernel_0d1d2d3d4d5d6d7c8d9c10d11c.kd,2,0,275,257468,257468,8388608,256,61440,0,128,16,48,64,0x0,0x7f5ca54a0680,38192012,38192012,131072,174587904,24311913952,181274968447,5233289294152305,5233301155466177,5233301178789679,5233289410704493
200,"void elementwise_kernel<FillFunctor, Array >(int, FillFunctor<float>, Array<char*, 1>) ",2,0,277,257468,257468,4194304,256,0,0,4,4,16,64,0x0,0x7f5ca4f998c0,94268,94268,65536,524288,51890134,389753455,5233289410906661,5233301179005677,5233301179052397,5233289411155667
201,_kernel_0d1d2d3d4d5d6d7c8d9c10d11c.kd,2,0,278,257468,257468,8388608,256,40960,0,116,20,32,64,0x0,0x7f5ca5490680,38284677,38284677,131072,166068224,24369702978,181593848427,5233289417015137,5233301184907433,5233301208209495,5233289440544388
202,"void elementwise_kernel<FillFunctor, Array >(int, FillFunctor<int>, Array<char*, 1>) ",2,0,281,257468,257468,16000000,256,0,0,4,4,16,64,0x0,0x7f5ca4f993c0,305470,305470,250000,2000000,186501356,1405178052,5233289440561590,5233301208305975,5233301208487575,5233289440941160
203,"void elementwise_kernel<FillFunctor, Array >(int, FillFunctor<float>, Array<char*, 1>) ",2,0,282,257468,257468,4194304,256,0,0,4,4,16,64,0x0,0x7f5ca4f998c0,102138,102138,65536,524288,56194711,425274809,5233289440765311,5233301208487575,5233301208537494,5233289441058330
204,_kernel_0d1d2d3d4d5d6d7c8d9c10d11c.kd,2,0,283,257468,257468,8388608,256,40960,0,116,20,32,64,0x0,0x7f5ca5490680,38224257,38224257,131072,166068224,24329576320,181288689473,5233289440914811,5233301208537494,5233301231882756,5233289464445945
205,"void elementwise_kernel<FillFunctor, Array >(int, FillFunctor<int>, Array<char*, 1>) ",2,0,284,257468,257468,16000000,256,0,0,4,4,16,64,0x0,0x7f5ca4f993c0,321977,321977,250000,2000000,194873967,1462160292,5233289441014117,5233301231882756,5233301232060196,5233289464590967
206,"void elementwise_kernel<FillFunctor, Array >(int, FillFunctor<float>, Array<char*, 1>) ",2,0,285,257468,257468,4194304,256,0,0,4,4,16,64,0x0,0x7f5ca4f998c0,103627,103627,65536,524288,56079219,420753494,5233289441243516,5233301232060196,5233301232108996,5233289464705070
207,_kernel_0d1d2d3d4d5d6d7c8d9c10d11c.kd,2,0,286,257468,257468,8388608,256,40960,0,116,20,32,64,0x0,0x7f5ca5490680,38258583,38258583,131072,166068224,24352952222,181461371303,5233289441381394,5233301232109026,5233301255421969,5233289488050027
208,"void elementwise_kernel<FillFunctor, Array >(int, FillFunctor<int>, Array<char*, 1>) ",2,0,287,257468,257468,16000000,256,0,0,4,4,16,64,0x0,0x7f5ca4f993c0,316300,316300,250000,2000000,191733780,1438980145,5233289441475470,5233301255421969,5233301255599247,5233289488257795
209,"void elementwise_kernel<FillFunctor, Array >(int, FillFunctor<float>, Array<char*, 1>) ",2,0,288,257468,257468,4194304,256,0,0,4,4,16,64,0x0,0x7f5ca4f998c0,107488,107488,65536,524288,58600642,439043095,5233289441558124,5233301255599247,5233301255648687,5233289488341091
210,_kernel_0d1d2d3d4d5d6d7c8d9c10d11c.kd,2,0,289,257468,257468,8388608,256,40960,0,116,20,32,64,0x0,0x7f5ca5490680,38293671,38293671,131072,166068224,24374062278,181614423720,5233289441690201,5233301255648687,5233301278990910,5233289511729889
211,"void elementwise_kernel<FillFunctor, Array >(int, FillFunctor<int>, Array<char*, 1>) ",2,0,290,257468,257468,16000000,256,0,0,4,4,16,64,0x0,0x7f5ca4f993c0,313302,313302,250000,2000000,189807047,1424993579,5233289441782063,5233301278990910,5233301279167389,5233289511938710
212,"void elementwise_kernel<FillFunctor, Array >(int, FillFunctor<float>, Array<char*, 1>) ",2,0,291,257468,257468,4194304,256,0,0,4,4,16,64,0x0,0x7f5ca4f998c0,111167,111167,65536,524288,60817960,455423273,5233289441867603,5233301279167389,5233301279215709,5233289512023749
213,_kernel_0d1d2d3d4d5d6d7c8d9c10d11c.kd,2,0,292,257468,257468,8388608,256,40960,0,116,20,32,64,0x0,0x7f5ca5490680,38184636,38184636,131072,166068224,24306453349,181118384125,5233289441999410,5233301279215709,5233301302487532,5233289535346875
214,"void elementwise_kernel<FillFunctor, Array >(int, FillFunctor<int>, Array<char*, 1>) ",2,0,293,257468,257468,16000000,256,0,0,4,4,16,64,0x0,0x7f5ca4f993c0,314350,314350,250000,2000000,189870534,1425509459,5233289442095710,5233301302487532,5233301302667852,5233289535556697
215,"void elementwise_kernel<FillFunctor, Array >(int, FillFunctor<float>, Array<char*, 1>) ",2,0,294,257468,257468,4194304,256,0,0,4,4,16,64,0x0,0x7f5ca4f998c0,107040,107040,65536,524288,58249674,436602344,5233289442195336,5233301302667852,5233301302716012,5233289535639873
216,_kernel_0d1d2d3d4d5d6d7c8d9c10d11c.kd,2,0,295,257468,257468,8388608,256,40960,0,116,20,32,64,0x0,0x7f5ca5490680,38261393,38261393,131072,166068224,24355368901,181478326270,5233289442328846,5233301302716207,5233301326031712,5233289559012170
217,"void elementwise_kernel<FillFunctor, Array >(int, FillFunctor<float>, Array<char*, 1>) ",2,0,297,257468,257468,4194304,256,0,0,4,4,16,64,0x0,0x7f5ca4f998c0,91075,91075,65536,524288,49948251,375527168,5233289559079606,5233301326101470,5233301326148670,5233289559286353
218,_kernel_0d1d2d3d4d5d6d7c8d9c10d11c.kd,2,0,298,257468,257468,8388608,256,40960,0,116,20,32,64,0x0,0x7f5ca5490680,38186853,38186853,131072,166068224,24305730185,181111804430,5233289559293937,5233301326170270,5233301349480975,5233289582819902
219,"void elementwise_kernel<FillFunctor, Array >(int, FillFunctor<int>, Array<char*, 1>) ",2,0,299,257468,257468,16000000,256,0,0,4,4,16,64,0x0,0x7f5ca4f993c0,315639,315639,250000,2000000,190957008,1433310872,5233289559474705,5233301349480975,5233301349662575,5233289582977447
220,"void elementwise_kernel<FillFunctor, Array >(int, FillFunctor<float>, Array<char*, 1>) ",2,0,301,257468,257468,4194304,256,0,0,4,4,16,64,0x0,0x7f5ca4f998c0,99328,99328,65536,524288,52929027,397294792,5233289559592886,5233301349675855,5233301349722255,5233289583092522
221,_kernel_0d1d2d3d4d5d6d7c8d9c10d11c.kd,2,0,302,257468,257468,8388608,256,40960,0,116,20,32,64,0x0,0x7f5ca5490680,38263766,38263766,131072,166068224,24355600515,181481278262,5233289559736455,5233301349722255,5233301373044319,5233289606444441
222,"void elementwise_kernel<FillFunctor, Array >(int, FillFunctor<int>, Array<char*, 1>) ",2,0,304,257468,257468,16000000,256,0,0,4,4,16,64,0x0,0x7f5ca4f993c0,313891,313891,250000,2000000,189828360,1424962496,5233289559854586,5233301373055839,5233301373234559,5233289606661447
223,"void elementwise_kernel<FillFunctor, Array >(int, FillFunctor<float>, Array<char*, 1>) ",2,0,306,257468,257468,4194304,256,0,0,4,4,16,64,0x0,0x7f5ca4f998c0,101988,101988,65536,524288,54730717,410723243,5233289559967477,5233301373246879,5233301373293439,5233289606749481
224,_kernel_0d1d2d3d4d5d6d7c8d9c10d11c.kd,2,0,307,257468,257468,8388608,256,40960,0,116,20,32,64,0x0,0x7f5ca5490680,38250809,38250809,131072,166068224,24348675766,181430052981,5233289560117798,5233301373293231,5233301396586814,5233289630115427
225,"void elementwise_kernel<FillFunctor, Array >(int, FillFunctor<int>, Array<char*, 1>) ",2,0,309,257468,257468,16000000,256,0,0,4,4,16,64,0x0,0x7f5ca4f993c0,313333,313333,250000,2000000,189589161,1423176307,5233289560236680,5233301396598492,5233301396774332,5233289630328275
226,"void elementwise_kernel<FillFunctor, Array >(int, FillFunctor<float>, Array<char*, 1>) ",2,0,311,257468,257468,4194304,256,0,0,4,4,16,64,0x0,0x7f5ca4f998c0,100466,100466,65536,524288,54070922,405753039,5233289560350874,5233301396786492,5233301396834172,5233289630414897
227,_kernel_0d1d2d3d4d5d6d7c8d9c10d11c.kd,2,0,312,257468,257468,8388608,256,40960,0,116,20,32,64,0x0,0x7f5ca5490680,38317978,38317978,131072,166068224,24389095269,181725542688,5233289560496256,5233301396834172,5233301420165675,5233289653816700
228,"void elementwise_kernel<FillFunctor, Array >(int, FillFunctor<int>, Array<char*, 1>) ",2,0,314,257468,257468,16000000,256,0,0,4,4,16,64,0x0,0x7f5ca4f993c0,313766,313766,250000,2000000,189478507,1422425126,5233289560611191,5233301420177034,5233301420350794,5233289654033796
229,"void elementwise_kernel<FillFunctor, Array >(int, FillFunctor<float>, Array<char*, 1>) ",2,0,316,257468,257468,4194304,256,0,0,4,4,16,64,0x0,0x7f5ca4f998c0,104913,104913,65536,524288,56368540,422927329,5233289560722099,5233301420362954,5233301420411114,5233289654124475
230,_kernel_0d1d2d3d4d5d6d7c8d9c10d11c.kd,2,0,317,257468,257468,8388608,256,40960,0,116,20,32,64,0x0,0x7f5ca5490680,38182842,38182842,131072,166068224,24306085957,181115829008,5233289560861209,5233301420411114,5233301443707737,5233289677446258
231,_kernel_0d1d2d3d4d5d6d7c8d9c10d11c.kd,2,0,319,257468,257468,1048576,128,61440,0,8,144,48,64,0x0,0x7f5ca5480680,58566663,58566663,16384,170262528,37278914346,276629675577,5233289683830951,5233301450172209,5233301485581307,5233289719428365
232,"void elementwise_kernel<FillFunctor, Array >(int, FillFunctor<int>, Array<char*, 1>) ",2,0,322,257468,257468,16000000,256,0,0,4,4,16,64,0x0,0x7f5ca4f993c0,304148,304148,250000,2000000,185966126,1401261474,5233289719440157,5233301485680985,5233301485860665,5233289719833413
233,_kernel_0d1d2d3d4d5d6d7c8d9c10d11c.kd,2,0,323,257468,257468,1048576,128,61440,0,8,144,48,64,0x0,0x7f5ca5480680,58547098,58547098,16384,170262528,37263497295,276509913709,5233289719715582,5233301485860665,5233301521255363,5233289755327934
234,"void elementwise_kernel<FillFunctor, Array >(int, FillFunctor<int>, Array<char*, 1>) ",2,0,324,257468,257468,16000000,256,0,0,4,4,16,64,0x0,0x7f5ca4f993c0,313690,313690,250000,2000000,190033976,1426429161,5233289719814076,5233301521255363,5233301521431363,5233289755474107
235,_kernel_0d1d2d3d4d5d6d7c8d9c10d11c.kd,2,0,325,257468,257468,1048576,128,61440,0,8,144,48,64,0x0,0x7f5ca5480680,58550674,58550674,16384,170262528,37265253868,276522557159,5233289719957645,5233301521431360,5233301556836298,5233289790910691
236,"void elementwise_kernel<FillFunctor, Array >(int, FillFunctor<int>, Array<char*, 1>) ",2,0,326,257468,257468,16000000,256,0,0,4,4,16,64,0x0,0x7f5ca4f993c0,318911,318911,250000,2000000,192873709,1447210672,5233289720065717,5233301556836298,5233301557015336,5233289791120053
237,_kernel_0d1d2d3d4d5d6d7c8d9c10d11c.kd,2,0,327,257468,257468,1048576,128,61440,0,8,144,48,64,0x0,0x7f5ca5480680,58548396,58548396,16384,170262528,37263922277,276513059377,5233289720211149,5233301557015336,5233301592404274,5233289826551727
238,"void elementwise_kernel<FillFunctor, Array >(int, FillFunctor<int>, Array<char*, 1>) ",2,0,328,257468,257468,16000000,256,0,0,4,4,16,64,0x0,0x7f5ca4f993c0,317599,317599,250000,2000000,192441744,1443948546,5233289720302851,5233301592404274,5233301592580434,5233289826763693
239,_kernel_0d1d2d3d4d5d6d7c8d9c10d11c.kd,2,0,329,257468,257468,1048576,128,61440,0,8,144,48,64,0x0,0x7f5ca5480680,58552153,58552153,16384,170262528,37266243238,276530763585,5233289720436571,5233301592580366,5233301627976023,5233289862202711
240,"void elementwise_kernel<FillFunctor, Array >(int, FillFunctor<int>, Array<char*, 1>) ",2,0,330,257468,257468,16000000,256,0,0,4,4,16,64,0x0,0x7f5ca4f993c0,318472,318472,250000,2000000,192513369,1444722122,5233289720530366,5233301627976023,5233301628152021,5233289862412002
241,_kernel_0d1d2d3d4d5d6d7c8d9c10d11c.kd,2,0,331,257468,257468,1048576,128,61440,0,8,144,48,64,0x0,0x7f5ca5480680,58540941,58540941,16384,170262528,37258955902,276476954469,5233289720660069,5233301628152021,5233301663548798,5233289897843256
242,_kernel_0d1d2d3d4d5d6d7c8d9c10d11c.kd,2,0,333,257468,257468,1048576,128,61440,0,8,144,48,64,0x0,0x7f5ca5480680,58537293,58537293,16384,170262528,37258944885,276476490843,5233289897962759,5233301663654891,5233301699048150,5233289933576404
243,"void elementwise_kernel<FillFunctor, Array >(int, FillFunctor<int>, Array<char*, 1>) ",2,0,334,257468,257468,16000000,256,0,0,4,4,16,64,0x0,0x7f5ca4f993c0,319000,319000,250000,2000000,192232605,1442467708,5233289898115996,5233301699048150,5233301699227508,5233289933719702
244,_kernel_0d1d2d3d4d5d6d7c8d9c10d11c.kd,2,0,336,257468,257468,1048576,128,61440,0,8,144,48,64,0x0,0x7f5ca5480680,58556317,58556317,16384,170262528,37268622964,276547661905,5233289898281966,5233301699240788,5233301734619487,5233289969166374
245,"void elementwise_kernel<FillFunctor, Array >(int, FillFunctor<int>, Array<char*, 1>) ",2,0,338,257468,257468,16000000,256,0,0,4,4,16,64,0x0,0x7f5ca4f993c0,312038,312038,250000,2000000,188103423,1412142275,5233289898401911,5233301734630527,5233301734808287,5233289969381848
246,_kernel_0d1d2d3d4d5d6d7c8d9c10d11c.kd,2,0,340,257468,257468,1048576,128,61440,0,8,144,48,64,0x0,0x7f5ca5480680,58551761,58551761,16384,170262528,37265882192,276528540256,5233289898575575,5233301734820003,5233301770209577,5233290004825013
247,_kernel_0d1d2d3d4d5d6d7c8d9c10d11c.kd,2,0,342,257468,257468,1048576,128,36864,0,8,144,48,64,0x0,0x7f5ca546c680,58310981,58310981,16384,169787392,37116161549,275424652435,5233290010912019,5233301776352611,5233301811594984,5233290046331470
248,"void elementwise_kernel<FillFunctor, Array >(int, FillFunctor<int>, Array<char*, 1>) ",2,0,345,257468,257468,16000000,256,0,0,4,4,16,64,0x0,0x7f5ca4f993c0,306574,306574,250000,2000000,187572943,1413643202,5233290046349403,5233301811685544,5233301811868424,5233290046731859
249,_kernel_0d1d2d3d4d5d6d7c8d9c10d11c.kd,2,0,346,257468,257468,1048576,128,36864,0,8,144,48,64,0x0,0x7f5ca546c680,58320792,58320792,16384,169787392,37119215067,275442547755,5233290046612696,5233301811868815,5233301847097274,5233290082083002
250,"void elementwise_kernel<FillFunctor, Array >(int, FillFunctor<int>, Array<char*, 1>) ",2,0,347,257468,257468,16000000,256,0,0,4,4,16,64,0x0,0x7f5ca4f993c0,318480,318480,250000,2000000,192844401,1447162069,5233290046712132,5233301847097274,5233301847275032,5233290082221822
251,_kernel_0d1d2d3d4d5d6d7c8d9c10d11c.kd,2,0,348,257468,257468,1048576,128,36864,0,8,144,48,64,0x0,0x7f5ca546c680,58303311,58303311,16384,169787392,37108004623,275359044330,5233290046860089,5233301847275032,5233301882502691,5233290117489209
252,"void elementwise_kernel<FillFunctor, Array >(int, FillFunctor<int>, Array<char*, 1>) ",2,0,349,257468,257468,16000000,256,0,0,4,4,16,64,0x0,0x7f5ca4f993c0,316328,316328,250000,2000000,191540475,1437359278,5233290046969854,5233301882502691,5233301882683651,5233290117700574
253,_kernel_0d1d2d3d4d5d6d7c8d9c10d11c.kd,2,0,350,257468,257468,1048576,128,36864,0,8,144,48,64,0x0,0x7f5ca546c680,58314829,58314829,16384,169787392,37115058326,275410882523,5233290047111830,5233301882683275,5233301917910929,5233290152977619
254,"void elementwise_kernel<FillFunctor, Array >(int, FillFunctor<int>, Array<char*, 1>) ",2,0,351,257468,257468,16000000,256,0,0,4,4,16,64,0x0,0x7f5ca4f993c0,313470,313470,250000,2000000,189222351,1420588206,5233290047207178,5233301917910929,5233301918085487,5233290153183344
255,_kernel_0d1d2d3d4d5d6d7c8d9c10d11c.kd,2,0,352,257468,257468,1048576,128,36864,0,8,144,48,64,0x0,0x7f5ca546c680,58302499,58302499,16384,169787392,37107326293,275354264220,5233290047363571,5233301918085487,5233301953309621,5233290188450180
256,"void elementwise_kernel<FillFunctor, Array >(int, FillFunctor<int>, Array<char*, 1>) ",2,0,353,257468,257468,16000000,256,0,0,4,4,16,64,0x0,0x7f5ca4f993c0,312901,312901,250000,2000000,189483411,1422358351,5233290047482713,5233301953309621,5233301953488021,5233290188659391
257,_kernel_0d1d2d3d4d5d6d7c8d9c10d11c.kd,2,0,354,257468,257468,1048576,128,36864,0,8,144,48,64,0x0,0x7f5ca546c680,58306371,58306371,16384,169787392,37109682501,275372224747,5233290047621122,5233301953488154,5233301988716930,5233290223934953
258,_kernel_0d1d2d3d4d5d6d7c8d9c10d11c.kd,2,0,356,257468,257468,1048576,128,36864,0,8,144,48,64,0x0,0x7f5ca546c680,58293056,58293056,16384,169787392,37103307996,275325101137,5233290224058254,5233301988821728,5233302024045544,5233290259497863
259,"void elementwise_kernel<FillFunctor, Array >(int, FillFunctor<int>, Array<char*, 1>) ",2,0,357,257468,257468,16000000,256,0,0,4,4,16,64,0x0,0x7f5ca4f993c0,318049,318049,250000,2000000,192679375,1445853825,5233290224207754,5233302024045544,5233302024222183,5233290259648364
260,_kernel_0d1d2d3d4d5d6d7c8d9c10d11c.kd,2,0,359,257468,257468,1048576,128,36864,0,8,144,48,64,0x0,0x7f5ca546c680,58304175,58304175,16384,169787392,37108185452,275360223960,5233290224371500,5233302024235418,5233302059464993,5233290294927763
261,"void elementwise_kernel<FillFunctor, Array >(int, FillFunctor<int>, Array<char*, 1>) ",2,0,361,257468,257468,16000000,256,0,0,4,4,16,64,0x0,0x7f5ca4f993c0,317467,317467,250000,2000000,192278347,1442910570,5233290224489470,5233302059476031,5233302059653151,5233290295143046
262,_kernel_0d1d2d3d4d5d6d7c8d9c10d11c.kd,2,0,363,257468,257468,1048576,128,36864,0,8,144,48,64,0x0,0x7f5ca546c680,58301848,58301848,16384,169787392,37106703155,275350737145,5233290224650992,5233302059665311,5233302094898246,5233290330418549
263,"void elementwise_kernel<FillFunctor, Array >(int, FillFunctor<float>, Array<char*, 1>) ",2,0,365,257468,257468,4194304,256,0,0,4,4,16,64,0x0,0x7f5ca4f998c0,93168,93168,65536,524288,51672961,392938992,5233290330616830,5233302095084646,5233302095130566,5233290330802637
264,_kernel_0d1d2d3d4d5d6d7c8d9c10d11c.kd,2,0,366,257468,257468,2097152,256,61440,0,128,16,48,64,0x0,0x7f5ca5c08680,37079795,37079795,32768,161611776,23605005365,175903536986,5233290330812686,5233302095155526,5233302117745109,5233290353664109
