Index,KernelName,gpu-id,queue-id,queue-index,pid,tid,grd,wgr,lds,scr,arch_vgpr,accum_vgpr,sgpr,wave_size,sig,obj,GRBM_COUNT,GRBM_GUI_ACTIVE,CPC_ME1_BUSY_FOR_PACKET_DECODE,SQ_CYCLES,SQ_WAVES,SQ_WAVE_CYCLES,SQ_BUSY_CYCLES,SQ_LEVEL_WAVES,SQ_ACCUM_PREV_HIRES,DispatchNs,BeginNs,EndNs,CompleteNs
0,Cijk_Ailk_Bljk_SB_MT128x64x16_MI32x32x2x1_SN_1LDSB1_APM1_ABV0_ACED0_AF0EM1_AF1EM1_AMAS3_ASE_ASGT_ASLT_ASAE01_ASCE01_ASEM1_AAC0_BL1_BS1_DTL0_DTVA0_DVO0_ETSP_EPS0_FL0_GRPM1_GRVW4_GSU1_GSUASB_GLS0_ISA90a_IU1_K1_KLA_LBSPP128_LPA0_LPB4_LDL1_LRVW2_LWPMn1_LDW0_MAC_MIAV0_MDA2_MO40_NTA0_NTB0_NTC0_NTD0_NEPBS1_NLCA1_NLCB1_ONLL1_OPLV0_PK0_PAP0_PGR2_PLR9_RK0_SIA3_SS1_SU0_SUM0_SUS0_SCIUI1_SPO0_SRVW0_SSO0_SVW2_SNLL0_TT2_32_TLDS1_USFGROn1_VAW1_VSn1_VW2_WSGRA1_WSGRB1_WS64_WG64_4_1_WGM5.kd,2,0,0,257775,257775,524288,256,12800,0,64,32,80,64,0x0,0x7f91e3731640,5332240,5332240,1317677,42657928,8192,2456321642,43066587,0,9825220264,5233293448181887,5233299333503305,5233299336915299,5233293461041100
1,"simt_gemm_hidet_kernelv2(float const*, float const*, float*, int, int, int) ",2,0,1,257775,257775,180224,256,10240,0,80,128,48,64,0x0,0x7f91e43e1840,11212790,11212790,2980022,89702328,2816,2092760145,89213315,0,8371115648,5233293458561792,5233299336915299,5233299344173845,5233293468378394
2,"void kernel_gemm_xdl_cshuffle_v1<GridwiseGemm_k0mk1_k0nk1_mn_xdl_cshuffle_v1, true>(GridwiseGemm_k0mk1_k0nk1_mn_xdl_cshuffle_v1<RowMajor, RowMajor, RowMajor, float, float, float, float, float, PassThrough, PassThrough, PassThrough, (GemmSpecialization)0, (InMemoryDataOperationEnum)0, 1, 256, 128, 128, 16, 4, 1, 32, 32, 2, 2, Sequence, Sequence, Sequence, 2, 4, 4, false, 1, Sequence, Sequence, Sequence, 1, 4, 1, false, 0, 1, 1, Sequence, 4, (LoopScheduler)0, (PipelineVersion)0, float, Argument) ",2,0,2,257775,257775,262144,256,16896,0,104,0,32,64,0x0,0x7f91e4395040,5512431,5512431,1572838,44099456,4096,1526240379,43957188,0,6105070852,5233293460423544,5233299344173845,5233299347665358,5233293471907675
3,_ZN2ck19kernel_gemm_dl_v1r3INS_28GridwiseGemmDl_km_kn_mn_v1r3ILi256EfffLNS_25InMemoryDataOperationEnumE0ENS_16TensorDescriptorINS_5TupleIJNS_5EmbedINS4_IJiiEEENS4_IJiNS_17integral_constantIiLi1EEEEEELb0EEENS_7UnMergeIS9_Lb0EEENS_11PassThroughIiEEEEENS4_IJNS_8SequenceIJLi0EEEENSG_IJLi2EEEENSG_IJLi1EEEEEEENS4_IJNSG_IJLi1ELi2EEEENSG_IJLi3ELi4EEEENSG_IJLi5EEEEEEENSG_IJLi3ELi5ELi4EEEElEENS3_ISF_NS4_IJSH_SJ_SI_EEESO_SP_lEENS3_INS4_IJSA_SE_SE_EEESR_NS4_IJSL_NSG_IJLi3EEEENSG_IJLi4EEEEEEESM_lEELi128ELi128ELi16ELi1ELi4ELi4ELi1ENSG_IJLi8ELi2EEEESY_NSG_IJLi8ELi1ELi1ELi1EEEENSG_IJLi2ELi1ELi128ELi1EEEENSG_IJLi1ELi2ELi0ELi3EEEES11_NSG_IJLi4ELi1ELi1ELi1EEEES11_NSG_IJLi1ELi1ELi1ELi1EEEENSG_IJLi2ELi1ELi4ELi1EEEENSG_IJLi8ELi1ELi32ELi1EEEENSG_IJLi0ELi3ELi1ELi2EEEES16_NSG_IJLi1ELi1ELi4ELi1EEEES16_S17_NSG_IJLi0ELi1ELi2ELi3ELi4ELi5EEEELi5ELi4EEEffNS3_INS4_IJSA_SC_SE_SE_NSB_INS4_IJiNS7_IiLi128EEEEEELb0EEENSD_IS8_EEEEENS4_IJSH_SI_SJ_SU_SN_SV_EEENS4_IJSL_SM_SN_NSG_IJLi6EEEENSG_IJLi7ELi8EEEENSG_IJLi9EEEEEEENSG_IJLi6ELi7ELi8ELi9EEEElEENS3_IS1E_NS4_IJSH_SJ_SI_SU_SN_SV_EEES1J_S1K_lEENS3_INS4_IJSA_SE_SE_NSB_INS4_IJiNS7_IiLi2EEENS7_IiLi64EEEEEELb0EEES1R_EEENS4_IJSH_SJ_SI_SU_SV_EEENS4_IJSL_SU_SV_NSG_IJLi5ELi6ELi7EEEENSG_IJLi8ELi9ELi10EEEEEEENSG_IJLi5ELi6ELi7ELi8ELi9ELi10EEEElEENS_31BlockToCTileMap_M00_N00_M01_N01ILi128ELi128ESX_Lb0EEELb1ELb1EEEvPKT0_S23_PT1_T2_T3_T4_T5_.kd,2,0,3,257775,257775,262144,256,32768,0,120,0,48,64,0x0,0x7f91e43263c0,11398598,11398598,2226836,91188792,4096,2216418282,91066418,0,8865782716,5233293461350027,5233299347665358,5233299354991425,5233293479268754
4,"mfma_f32_16x16x4f32_gemm_kernel(float const*, float const*, float*, int, int, int) ",2,0,4,257775,257775,524288,256,6144,0,60,4,32,64,0x0,0x7f91e43f8d40,8668951,8668951,2677840,69351616,8192,5999519260,68155641,0,23998295996,5233293462156045,5233299354991425,5233299360573175,5233293484791674
5,_kernel_0d1d2d3d4d5d6d7c8d9c10d11c.kd,2,0,5,257775,257775,1048576,256,61440,0,128,16,48,64,0x0,0x7f91e43b8680,37287017,37287017,946034,298296144,16384,3802985487,297992852,0,15212376892,5233293473335055,5233299360573175,5233299383293135,5233293507537851
6,"void elementwise_kernel<FillFunctor, Array >(int, FillFunctor<int>, Array<char*, 1>) ",2,0,8,257775,257775,16000000,256,0,0,4,4,16,64,0x0,0x7f91e3bd93c0,299075,299075,12494,2392608,250000,189894558,2298320,0,766383028,5233293510570364,5233299386347689,5233299386527689,5233293510855988
7,_kernel_0d1d2d3d4d5d6d7c8d9c10d11c.kd,2,0,9,257775,257775,1048576,256,61440,0,128,16,48,64,0x0,0x7f91e43b8680,37299019,37299019,947404,298392160,16384,3807849933,298099526,0,15231834556,5233293510744409,5233299386527772,5233299409251897,5233293533723170
8,"void elementwise_kernel<FillFunctor, Array >(int, FillFunctor<int>, Array<char*, 1>) ",2,0,10,257775,257775,16000000,256,0,0,4,4,16,64,0x0,0x7f91e3bd93c0,320661,320661,23935,2565296,250000,194110164,2366707,0,783250744,5233293510843845,5233299409251897,5233299409432055,5233293533874122
9,_kernel_0d1d2d3d4d5d6d7c8d9c10d11c.kd,2,0,11,257775,257775,1048576,256,61440,0,128,16,48,64,0x0,0x7f91e43b8680,37256286,37256286,946495,298050296,16384,3799506479,297726399,0,15198460636,5233293510989878,5233299409432055,5233299432128180,5233293556597075
10,"void elementwise_kernel<FillFunctor, Array >(int, FillFunctor<int>, Array<char*, 1>) ",2,0,12,257775,257775,16000000,256,0,0,4,4,16,64,0x0,0x7f91e3bd93c0,314134,314134,16650,2513080,250000,199976566,2374496,0,806711556,5233293511097650,5233299432128180,5233299432304500,5233293556812318
11,_kernel_0d1d2d3d4d5d6d7c8d9c10d11c.kd,2,0,13,257775,257775,1048576,256,61440,0,128,16,48,64,0x0,0x7f91e43b8680,37267825,37267825,944449,298142608,16384,3794982152,297778400,0,15180363400,5233293511231911,5233299432304500,5233299455006385,5233293579566589
12,"void elementwise_kernel<FillFunctor, Array >(int, FillFunctor<int>, Array<char*, 1>) ",2,0,14,257775,257775,16000000,256,0,0,4,4,16,64,0x0,0x7f91e3bd93c0,314697,314697,16151,2517584,250000,194173843,2377729,0,783508480,5233293511326147,5233299455006385,5233299455183505,5233293579782062
13,_kernel_0d1d2d3d4d5d6d7c8d9c10d11c.kd,2,0,15,257775,257775,1048576,256,61440,0,128,16,48,64,0x0,0x7f91e43b8680,37293143,37293143,941286,298345152,16384,3808520740,298030621,0,15234517140,5233293511460679,5233299455183506,5233299477888431,5233293602550961
14,"void elementwise_kernel<FillFunctor, Array >(int, FillFunctor<int>, Array<char*, 1>) ",2,0,16,257775,257775,16000000,256,0,0,4,4,16,64,0x0,0x7f91e3bd93c0,326236,326236,16883,2609896,250000,206720699,2470761,0,833685860,5233293511553693,5233299477888431,5233299478065549,5233293602769830
15,_kernel_0d1d2d3d4d5d6d7c8d9c10d11c.kd,2,0,17,257775,257775,1048576,256,61440,0,128,16,48,64,0x0,0x7f91e43b8680,37279162,37279162,946161,298233304,16384,3802391215,297927239,0,15209999368,5233293511688184,5233299478065549,5233299500772714,5233293625529221
16,_kernel_0d1d2d3d4d5d6d7c8d9c10d11c.kd,2,0,19,257775,257775,1048576,256,61440,0,128,16,48,64,0x0,0x7f91e43b8680,37254736,37254736,941689,298037896,16384,3796105693,297830313,0,15184857440,5233293625662230,5233299500881194,5233299523596999,5233293648586039
17,"void elementwise_kernel<FillFunctor, Array >(int, FillFunctor<int>, Array<char*, 1>) ",2,0,20,257775,257775,16000000,256,0,0,4,4,16,64,0x0,0x7f91e3bd93c0,318530,318530,16975,2548248,250000,200695506,2406958,0,809583360,5233293625809456,5233299523596999,5233299523771719,5233293648738163
18,_kernel_0d1d2d3d4d5d6d7c8d9c10d11c.kd,2,0,22,257775,257775,1048576,256,61440,0,128,16,48,64,0x0,0x7f91e43b8680,37262485,37262485,943394,298099888,16384,3799382916,297848452,0,15197966368,5233293625975276,5233299523785124,5233299546488936,5233293671500259
19,"void elementwise_kernel<FillFunctor, Array >(int, FillFunctor<int>, Array<char*, 1>) ",2,0,24,257775,257775,16000000,256,0,0,4,4,16,64,0x0,0x7f91e3bd93c0,312668,312668,16779,2501352,250000,197913955,2360212,0,798465736,5233293626106240,5233299546499974,5233299546679814,5233293671718688
20,_kernel_0d1d2d3d4d5d6d7c8d9c10d11c.kd,2,0,26,257775,257775,1048576,256,61440,0,128,16,48,64,0x0,0x7f91e43b8680,37269589,37269589,943978,298156720,16384,3802509449,297858955,0,15210472760,5233293626275427,5233299546691974,5233299569394825,5233293694483218
21,"void elementwise_kernel<FillFunctor, Array >(int, FillFunctor<int>, Array<char*, 1>) ",2,0,28,257775,257775,16000000,256,0,0,4,4,16,64,0x0,0x7f91e3bd93c0,318468,318468,16404,2547752,250000,196270212,2401743,0,791887720,5233293626397255,5233299569405705,5233299569586345,5233293694707768
22,_kernel_0d1d2d3d4d5d6d7c8d9c10d11c.kd,2,0,30,257775,257775,1048576,256,61440,0,128,16,48,64,0x0,0x7f91e43b8680,37268149,37268149,943364,298145200,16384,3805226942,297904136,0,15221342272,5233293626558116,5233299569598345,5233299592312876,5233293717469544
23,"void elementwise_kernel<FillFunctor, Array >(int, FillFunctor<int>, Array<char*, 1>) ",2,0,32,257775,257775,16000000,256,0,0,4,4,16,64,0x0,0x7f91e3bd93c0,321027,321027,16625,2568224,250000,199825693,2422917,0,806113400,5233293626676447,5233299592323756,5233299592497676,5233293717695737
24,_kernel_0d1d2d3d4d5d6d7c8d9c10d11c.kd,2,0,34,257775,257775,1048576,256,61440,0,128,16,48,64,0x0,0x7f91e43b8680,37292318,37292318,944418,298338552,16384,3799634753,297922491,0,15198973860,5233293626833661,5233299592509401,5233299615215928,5233293740474403
25,_kernel_0d1d2d3d4d5d6d7c8d9c10d11c.kd,2,0,36,257775,257775,1048576,256,40960,0,112,16,32,64,0x0,0x7f91e4338680,37492704,37492704,941471,299941640,16384,3827109055,299666726,0,15308871132,5233293749235411,5233299623270154,5233299646094760,5233293772280316
26,"void elementwise_kernel<FillFunctor, Array >(int, FillFunctor<int>, Array<char*, 1>) ",2,0,39,257775,257775,16000000,256,0,0,4,4,16,64,0x0,0x7f91e3bd93c0,308384,308384,13619,2467080,250000,195152340,2357666,0,787416392,5233293772312005,5233299646190920,5233299646366760,5233293772698909
27,_kernel_0d1d2d3d4d5d6d7c8d9c10d11c.kd,2,0,40,257775,257775,1048576,256,40960,0,112,16,32,64,0x0,0x7f91e4338680,37500309,37500309,949005,300002480,16384,3828109492,299684157,0,15312873376,5233293772578493,5233299646366760,5233299669201926,5233293795643927
28,"void elementwise_kernel<FillFunctor, Array >(int, FillFunctor<int>, Array<char*, 1>) ",2,0,41,257775,257775,16000000,256,0,0,4,4,16,64,0x0,0x7f91e3bd93c0,316391,316391,16191,2531136,250000,203490688,2393048,0,820763164,5233293772680234,5233299669201926,5233299669378406,5233293795798877
29,_kernel_0d1d2d3d4d5d6d7c8d9c10d11c.kd,2,0,42,257775,257775,1048576,256,40960,0,112,16,32,64,0x0,0x7f91e4338680,37503655,37503655,949698,300029248,16384,3821627145,299696183,0,15286943700,5233293772834693,5233299669378548,5233299692213240,5233293818688391
30,"void elementwise_kernel<FillFunctor, Array >(int, FillFunctor<int>, Array<char*, 1>) ",2,0,43,257775,257775,16000000,256,0,0,4,4,16,64,0x0,0x7f91e3bd93c0,318310,318310,16185,2546488,250000,198461516,2405059,0,800662196,5233293772944438,5233299692213240,5233299692390038,5233293818903033
31,_kernel_0d1d2d3d4d5d6d7c8d9c10d11c.kd,2,0,44,257775,257775,1048576,256,40960,0,112,16,32,64,0x0,0x7f91e4338680,37516803,37516803,945758,300134432,16384,3826768506,299790726,0,15307508868,5233293773085442,5233299692390038,5233299715232570,5233293841798738
32,"void elementwise_kernel<FillFunctor, Array >(int, FillFunctor<int>, Array<char*, 1>) ",2,0,45,257775,257775,16000000,256,0,0,4,4,16,64,0x0,0x7f91e3bd93c0,314626,314626,16546,2517016,250000,197713280,2377931,0,797663320,5233293773180951,5233299715232570,5233299715407609,5233293842013690
33,_kernel_0d1d2d3d4d5d6d7c8d9c10d11c.kd,2,0,46,257775,257775,1048576,256,40960,0,112,16,32,64,0x0,0x7f91e4338680,37492501,37492501,949962,299940016,16384,3824165165,299625753,0,15297095356,5233293773316955,5233299715407609,5233299738231581,5233293864897073
34,"void elementwise_kernel<FillFunctor, Array >(int, FillFunctor<int>, Array<char*, 1>) ",2,0,47,257775,257775,16000000,256,0,0,4,4,16,64,0x0,0x7f91e3bd93c0,313460,313460,16276,2507688,250000,198615341,2373212,0,801270208,5233293773411471,5233299738231581,5233299738406780,5233293865112476
35,_kernel_0d1d2d3d4d5d6d7c8d9c10d11c.kd,2,0,48,257775,257775,1048576,256,40960,0,112,16,32,64,0x0,0x7f91e4338680,37488742,37488742,949846,299909944,16384,3824718215,299594233,0,15299307140,5233293773542807,5233299738406752,5233299761234723,5233293887996400
36,_kernel_0d1d2d3d4d5d6d7c8d9c10d11c.kd,2,0,50,257775,257775,1048576,256,40960,0,112,16,32,64,0x0,0x7f91e4338680,37488758,37488758,944683,299910072,16384,3826737790,299626527,0,15307385828,5233293888110153,5233299761336481,5233299784171172,5233293911175376
37,"void elementwise_kernel<FillFunctor, Array >(int, FillFunctor<int>, Array<char*, 1>) ",2,0,51,257775,257775,16000000,256,0,0,4,4,16,64,0x0,0x7f91e3bd93c0,312876,312876,16019,2503016,250000,193165809,2363511,0,779467644,5233293888266776,5233299784171172,5233299784347331,5233293911326289
38,_kernel_0d1d2d3d4d5d6d7c8d9c10d11c.kd,2,0,53,257775,257775,1048576,256,40960,0,112,16,32,64,0x0,0x7f91e4338680,37480885,37480885,947937,299847088,16384,3816973532,299543173,0,15268328784,5233293888430853,5233299784360611,5233299807175142,5233293934214000
39,"void elementwise_kernel<FillFunctor, Array >(int, FillFunctor<int>, Array<char*, 1>) ",2,0,55,257775,257775,16000000,256,0,0,4,4,16,64,0x0,0x7f91e3bd93c0,308005,308005,16166,2464048,250000,197797255,2327804,0,798001164,5233293888555296,5233299807186022,5233299807363621,5233293934432478
40,_kernel_0d1d2d3d4d5d6d7c8d9c10d11c.kd,2,0,57,257775,257775,1048576,256,40960,0,112,16,32,64,0x0,0x7f91e4338680,37478443,37478443,949106,299827552,16384,3824912301,299527857,0,15300083948,5233293888720104,5233299807376112,5233299830208568,5233293957318877
41,"void elementwise_kernel<FillFunctor, Array >(int, FillFunctor<int>, Array<char*, 1>) ",2,0,59,257775,257775,16000000,256,0,0,4,4,16,64,0x0,0x7f91e3bd93c0,309903,309903,16232,2479232,250000,199357653,2339977,0,804242132,5233293888843635,5233299830219606,5233299830396726,5233293957534490
42,_kernel_0d1d2d3d4d5d6d7c8d9c10d11c.kd,2,0,61,257775,257775,1048576,256,40960,0,112,16,32,64,0x0,0x7f91e4338680,37469753,37469753,948111,299758032,16384,3816797206,299467918,0,15267623444,5233293889010727,5233299830408886,5233299853232062,5233293980413244
43,"void elementwise_kernel<FillFunctor, Array >(int, FillFunctor<int>, Array<char*, 1>) ",2,0,63,257775,257775,16000000,256,0,0,4,4,16,64,0x0,0x7f91e3bd93c0,316845,316845,16650,2534768,250000,186712678,2394293,0,753660668,5233293889139799,5233299853242782,5233299853418942,5233293980636552
44,_kernel_0d1d2d3d4d5d6d7c8d9c10d11c.kd,2,0,65,257775,257775,1048576,256,40960,0,112,16,32,64,0x0,0x7f91e4338680,37473473,37473473,947940,299787792,16384,3823917286,299524470,0,15296103784,5233293889302293,5233299853430942,5233299876258757,5233294003517210
45,"void elementwise_kernel<FillFunctor, Array >(int, FillFunctor<float>, Array<char*, 1>) ",2,0,67,257775,257775,4194304,256,0,0,4,4,16,64,0x0,0x7f91e3bd98c0,92307,92307,13346,738464,65536,52713451,633150,0,212642960,5233294003754083,5233299876462917,5233299876511557,5233294003950420
46,_kernel_0d1d2d3d4d5d6d7c8d9c10d11c.kd,2,0,68,257775,257775,2097152,256,61440,0,128,16,48,64,0x0,0x7f91e4310680,37058419,37058419,477572,296467360,32768,3825054662,296270625,0,15301088088,5233294009779022,5233299882445318,5233299905041143,5233294032563540
47,"void elementwise_kernel<FillFunctor, Array >(int, FillFunctor<int>, Array<char*, 1>) ",2,0,71,257775,257775,16000000,256,0,0,4,4,16,64,0x0,0x7f91e3bd93c0,304896,304896,13745,2439176,250000,193954012,2328814,0,782621996,5233294032583968,5233299905118261,5233299905303701,5233294032973677
48,"void elementwise_kernel<FillFunctor, Array >(int, FillFunctor<float>, Array<char*, 1>) ",2,0,72,257775,257775,4194304,256,0,0,4,4,16,64,0x0,0x7f91e3bd98c0,101148,101148,14734,809192,65536,61317833,682305,0,247068912,5233294032799632,5233299905303701,5233299905355861,5233294033098721
49,_kernel_0d1d2d3d4d5d6d7c8d9c10d11c.kd,2,0,73,257775,257775,2097152,256,61440,0,128,16,48,64,0x0,0x7f91e4310680,37053125,37053125,480264,296425008,32768,3825807440,296215019,0,15304099308,5233294032954762,5233299905355861,5233299927952006,5233294055766350
50,"void elementwise_kernel<FillFunctor, Array >(int, FillFunctor<int>, Array<char*, 1>) ",2,0,74,257775,257775,16000000,256,0,0,4,4,16,64,0x0,0x7f91e3bd93c0,317163,317163,16150,2537312,250000,198070568,2393166,0,799077916,5233294033061071,5233299927952006,5233299928132486,5233294055922082
51,"void elementwise_kernel<FillFunctor, Array >(int, FillFunctor<float>, Array<char*, 1>) ",2,0,75,257775,257775,4194304,256,0,0,4,4,16,64,0x0,0x7f91e3bd98c0,103455,103455,16038,827648,65536,59929236,693540,0,241504180,5233294033294357,5233299928132486,5233299928184486,5233294056037007
52,_kernel_0d1d2d3d4d5d6d7c8d9c10d11c.kd,2,0,76,257775,257775,2097152,256,61440,0,128,16,48,64,0x0,0x7f91e4310680,37076008,37076008,479448,296608072,32768,3829226785,296392196,0,15317776380,5233294033440170,5233299928184486,5233299950762710,5233294078666645
53,"void elementwise_kernel<FillFunctor, Array >(int, FillFunctor<int>, Array<char*, 1>) ",2,0,77,257775,257775,16000000,256,0,0,4,4,16,64,0x0,0x7f91e3bd93c0,317634,317634,16529,2541080,250000,199148780,2398940,0,803401196,5233294033537241,5233299950762710,5233299950939350,5233294078883300
54,"void elementwise_kernel<FillFunctor, Array >(int, FillFunctor<float>, Array<char*, 1>) ",2,0,78,257775,257775,4194304,256,0,0,4,4,16,64,0x0,0x7f91e3bd98c0,106394,106394,16556,851160,65536,61260538,715946,0,246827040,5233294033624234,5233299950939350,5233299950987510,5233294078971465
55,_kernel_0d1d2d3d4d5d6d7c8d9c10d11c.kd,2,0,79,257775,257775,2097152,256,61440,0,128,16,48,64,0x0,0x7f91e4310680,37056831,37056831,480586,296454656,32768,3826052556,296273913,0,15305079232,5233294033762683,5233299950987096,5233299973562751,5233294101612745
56,"void elementwise_kernel<FillFunctor, Array >(int, FillFunctor<int>, Array<char*, 1>) ",2,0,80,257775,257775,16000000,256,0,0,4,4,16,64,0x0,0x7f91e3bd93c0,311548,311548,15609,2492392,250000,193957589,2355032,0,782649616,5233294033859204,5233299973562751,5233299973738909,5233294101822087
57,"void elementwise_kernel<FillFunctor, Array >(int, FillFunctor<float>, Array<char*, 1>) ",2,0,81,257775,257775,4194304,256,0,0,4,4,16,64,0x0,0x7f91e3bd98c0,104839,104839,16671,838720,65536,61155437,699628,0,246408404,5233294033947358,5233299973738909,5233299973790109,5233294101910582
58,_kernel_0d1d2d3d4d5d6d7c8d9c10d11c.kd,2,0,82,257775,257775,2097152,256,61440,0,128,16,48,64,0x0,0x7f91e4310680,37050597,37050597,479623,296404784,32768,3826203542,296224714,0,15305683208,5233294034113159,5233299973790109,5233299996374243,5233294124544518
59,"void elementwise_kernel<FillFunctor, Array >(int, FillFunctor<int>, Array<char*, 1>) ",2,0,83,257775,257775,16000000,256,0,0,4,4,16,64,0x0,0x7f91e3bd93c0,317467,317467,16410,2539744,250000,199283866,2402452,0,803936820,5233294034215460,5233299996374243,5233299996552323,5233294124761845
60,"void elementwise_kernel<FillFunctor, Array >(int, FillFunctor<float>, Array<char*, 1>) ",2,0,84,257775,257775,4194304,256,0,0,4,4,16,64,0x0,0x7f91e3bd98c0,110055,110055,16492,880448,65536,64117779,744663,0,258256372,5233294034304617,5233299996552323,5233299996600643,5233294124851262
61,_kernel_0d1d2d3d4d5d6d7c8d9c10d11c.kd,2,0,85,257775,257775,2097152,256,61440,0,128,16,48,64,0x0,0x7f91e4310680,37040685,37040685,480494,296325488,32768,3824329563,296117689,0,15298187712,5233294034440200,5233299996600643,5233300019179177,5233294147480430
62,"void elementwise_kernel<FillFunctor, Array >(int, FillFunctor<float>, Array<char*, 1>) ",2,0,87,257775,257775,4194304,256,0,0,4,4,16,64,0x0,0x7f91e3bd98c0,89332,89332,13238,714664,65536,51319152,606953,0,207064344,5233294147560369,5233300019241417,5233300019288297,5233294147777846
63,_kernel_0d1d2d3d4d5d6d7c8d9c10d11c.kd,2,0,88,257775,257775,2097152,256,61440,0,128,16,48,64,0x0,0x7f91e4310680,37034314,37034314,478763,296274520,32768,3822991968,296103639,0,15292836592,5233294147788355,5233300019312746,5233300041894644,5233294170630852
64,"void elementwise_kernel<FillFunctor, Array >(int, FillFunctor<int>, Array<char*, 1>) ",2,0,89,257775,257775,16000000,256,0,0,4,4,16,64,0x0,0x7f91e3bd93c0,314719,314719,15837,2517760,250000,193253563,2381466,0,779825540,5233294147973061,5233300041894644,5233300042070642,5233294170776785
65,"void elementwise_kernel<FillFunctor, Array >(int, FillFunctor<float>, Array<char*, 1>) ",2,0,91,257775,257775,4194304,256,0,0,4,4,16,64,0x0,0x7f91e3bd98c0,96331,96331,16960,770656,65536,53623306,636619,0,216274972,5233294148100890,5233300042083922,5233300042132402,5233294170908110
66,_kernel_0d1d2d3d4d5d6d7c8d9c10d11c.kd,2,0,92,257775,257775,2097152,256,61440,0,128,16,48,64,0x0,0x7f91e4310680,37061930,37061930,482558,296495448,32768,3827041806,296290553,0,15309036060,5233294148249618,5233300042132402,5233300064708859,5233294193515217
67,"void elementwise_kernel<FillFunctor, Array >(int, FillFunctor<int>, Array<char*, 1>) ",2,0,94,257775,257775,16000000,256,0,0,4,4,16,64,0x0,0x7f91e3bd93c0,313912,313912,16646,2511304,250000,196520973,2369773,0,792901508,5233294148375283,5233300064720219,5233300064897979,5233294193736861
68,"void elementwise_kernel<FillFunctor, Array >(int, FillFunctor<float>, Array<char*, 1>) ",2,0,96,257775,257775,4194304,256,0,0,4,4,16,64,0x0,0x7f91e3bd98c0,100547,100547,16532,804384,65536,59296304,665656,0,238966952,5233294148494797,5233300064909979,5233300064957499,5233294193832410
69,_kernel_0d1d2d3d4d5d6d7c8d9c10d11c.kd,2,0,97,257775,257775,2097152,256,61440,0,128,16,48,64,0x0,0x7f91e4310680,37056550,37056550,481396,296452408,32768,3824293841,296236226,0,15298044740,5233294148642573,5233300064957499,5233300087537476,5233294216468640
70,"void elementwise_kernel<FillFunctor, Array >(int, FillFunctor<int>, Array<char*, 1>) ",2,0,99,257775,257775,16000000,256,0,0,4,4,16,64,0x0,0x7f91e3bd93c0,319698,319698,15673,2557592,250000,195733102,2415505,0,789747004,5233294148763339,5233300087548836,5233300087724356,5233294216693411
71,"void elementwise_kernel<FillFunctor, Array >(int, FillFunctor<float>, Array<char*, 1>) ",2,0,101,257775,257775,4194304,256,0,0,4,4,16,64,0x0,0x7f91e3bd98c0,102313,102313,16773,818512,65536,59370385,679658,0,239264632,5233294148881059,5233300087736516,5233300087782596,5233294216789821
72,_kernel_0d1d2d3d4d5d6d7c8d9c10d11c.kd,2,0,102,257775,257775,2097152,256,61440,0,128,16,48,64,0x0,0x7f91e4310680,37068196,37068196,481972,296545576,32768,3826391770,296331092,0,15306436364,5233294149025970,5233300087782583,5233300110373920,5233294239433025
73,"void elementwise_kernel<FillFunctor, Array >(int, FillFunctor<int>, Array<char*, 1>) ",2,0,104,257775,257775,16000000,256,0,0,4,4,16,64,0x0,0x7f91e3bd93c0,310543,310543,16086,2484352,250000,192019096,2344073,0,774893928,5233294149145153,5233300110385278,5233300110563038,5233294239649950
74,"void elementwise_kernel<FillFunctor, Array >(int, FillFunctor<float>, Array<char*, 1>) ",2,0,106,257775,257775,4194304,256,0,0,4,4,16,64,0x0,0x7f91e3bd98c0,100497,100497,16128,803984,65536,58365202,667895,0,235249216,5233294149263164,5233300110575038,5233300110623518,5233294239742614
75,_kernel_0d1d2d3d4d5d6d7c8d9c10d11c.kd,2,0,107,257775,257775,2097152,256,61440,0,128,16,48,64,0x0,0x7f91e4310680,37035391,37035391,480953,296283136,32768,3821483557,296046030,0,15286803804,5233294149405029,5233300110623518,5233300133213415,5233294262367303
76,"void elementwise_kernel<FillFunctor, Array >(int, FillFunctor<float>, Array<char*, 1>) ",2,0,109,257775,257775,4194304,256,0,0,4,4,16,64,0x0,0x7f91e3bd98c0,91817,91817,14579,734544,65536,52737844,620781,0,212731812,5233294262589538,5233300133409735,5233300133456775,5233294262792979
77,_kernel_0d1d2d3d4d5d6d7c8d9c10d11c.kd,2,0,110,257775,257775,2097152,256,40960,0,116,20,32,64,0x0,0x7f91e3c28680,37285002,37285002,477694,298280024,32768,3846514840,298135978,0,15386929352,5233294268402872,5233300139158529,5233300161881546,5233294291326580
78,"void elementwise_kernel<FillFunctor, Array >(int, FillFunctor<int>, Array<char*, 1>) ",2,0,113,257775,257775,16000000,256,0,0,4,4,16,64,0x0,0x7f91e3bd93c0,307904,307904,14037,2463240,250000,189968961,2352346,0,766678992,5233294291349964,5233300161967786,5233300162144585,5233294291749511
79,"void elementwise_kernel<FillFunctor, Array >(int, FillFunctor<float>, Array<char*, 1>) ",2,0,114,257775,257775,4194304,256,0,0,4,4,16,64,0x0,0x7f91e3bd98c0,92598,92598,12517,740792,65536,56408741,650918,0,227425376,5233294291572791,5233300162144585,5233300162193065,5233294291890946
80,_kernel_0d1d2d3d4d5d6d7c8d9c10d11c.kd,2,0,115,257775,257775,2097152,256,40960,0,116,20,32,64,0x0,0x7f91e3c28680,37303602,37303602,482768,298428824,32768,3852991522,298204736,0,15412835396,5233294291745544,5233300162193185,5233300184906445,5233294314680654
81,"void elementwise_kernel<FillFunctor, Array >(int, FillFunctor<int>, Array<char*, 1>) ",2,0,116,257775,257775,16000000,256,0,0,4,4,16,64,0x0,0x7f91e3bd93c0,319088,319088,15922,2552712,250000,196707432,2408915,0,793626668,5233294291867472,5233300184906445,5233300185084843,5233294314830865
82,"void elementwise_kernel<FillFunctor, Array >(int, FillFunctor<float>, Array<char*, 1>) ",2,0,117,257775,257775,4194304,256,0,0,4,4,16,64,0x0,0x7f91e3bd98c0,103675,103675,16457,829408,65536,58145457,690896,0,234367244,5233294292099676,5233300185084843,5233300185136043,5233294314946572
83,_kernel_0d1d2d3d4d5d6d7c8d9c10d11c.kd,2,0,118,257775,257775,2097152,256,40960,0,116,20,32,64,0x0,0x7f91e3c28680,37287658,37287658,483109,298301272,32768,3842310039,298112457,0,15370110260,5233294292262982,5233300185136043,5233300207872342,5233294337693760
84,"void elementwise_kernel<FillFunctor, Array >(int, FillFunctor<int>, Array<char*, 1>) ",2,0,119,257775,257775,16000000,256,0,0,4,4,16,64,0x0,0x7f91e3bd93c0,310617,310617,16358,2484944,250000,195395138,2341810,0,788383064,5233294292375773,5233300207872342,5233300208050102,5233294337906728
85,"void elementwise_kernel<FillFunctor, Array >(int, FillFunctor<float>, Array<char*, 1>) ",2,0,120,257775,257775,4194304,256,0,0,4,4,16,64,0x0,0x7f91e3bd98c0,104772,104772,14788,838184,65536,58446557,702040,0,235566168,5233294292468276,5233300208050102,5233300208098262,5233294337999652
86,_kernel_0d1d2d3d4d5d6d7c8d9c10d11c.kd,2,0,121,257775,257775,2097152,256,40960,0,116,20,32,64,0x0,0x7f91e3c28680,37288404,37288404,485720,298307240,32768,3849338125,298108278,0,15398221948,5233294292605402,5233300208098262,5233300230832001,5233294360762319
87,"void elementwise_kernel<FillFunctor, Array >(int, FillFunctor<int>, Array<char*, 1>) ",2,0,122,257775,257775,16000000,256,0,0,4,4,16,64,0x0,0x7f91e3bd93c0,323248,323248,16474,2585992,250000,201098174,2447326,0,811200040,5233294292701703,5233300230832001,5233300231008161,5233294360982661
88,"void elementwise_kernel<FillFunctor, Array >(int, FillFunctor<float>, Array<char*, 1>) ",2,0,123,257775,257775,4194304,256,0,0,4,4,16,64,0x0,0x7f91e3bd98c0,104806,104806,16276,838456,65536,62406377,700767,0,251408224,5233294292789607,5233300231008161,5233300231056961,5233294361070515
89,_kernel_0d1d2d3d4d5d6d7c8d9c10d11c.kd,2,0,124,257775,257775,2097152,256,40960,0,116,20,32,64,0x0,0x7f91e3c28680,37293172,37293172,481992,298345384,32768,3845058717,298134195,0,15381105256,5233294292926793,5233300231057079,5233300253786821,5233294383846517
90,"void elementwise_kernel<FillFunctor, Array >(int, FillFunctor<int>, Array<char*, 1>) ",2,0,125,257775,257775,16000000,256,0,0,4,4,16,64,0x0,0x7f91e3bd93c0,313836,313836,16436,2510696,250000,193550859,2367280,0,781012036,5233294293036919,5233300253786821,5233300253964579,5233294384058133
91,"void elementwise_kernel<FillFunctor, Array >(int, FillFunctor<float>, Array<char*, 1>) ",2,0,126,257775,257775,4194304,256,0,0,4,4,16,64,0x0,0x7f91e3bd98c0,107839,107839,16888,862720,65536,61043815,726339,0,245958488,5233294293126347,5233300253964579,5233300254012099,5233294384146498
92,_kernel_0d1d2d3d4d5d6d7c8d9c10d11c.kd,2,0,127,257775,257775,2097152,256,40960,0,116,20,32,64,0x0,0x7f91e3c28680,37299611,37299611,483263,298396896,32768,3851412359,298189025,0,15406518608,5233294293262431,5233300254012099,5233300276730481,5233294406926077
93,"void elementwise_kernel<FillFunctor, Array >(int, FillFunctor<float>, Array<char*, 1>) ",2,0,129,257775,257775,4194304,256,0,0,4,4,16,64,0x0,0x7f91e3bd98c0,92156,92156,14808,737256,65536,52224968,620817,0,210689664,5233294407004324,5233300276791601,5233300276839281,5233294407225597
94,_kernel_0d1d2d3d4d5d6d7c8d9c10d11c.kd,2,0,130,257775,257775,2097152,256,40960,0,116,20,32,64,0x0,0x7f91e3c28680,37303928,37303928,482490,298431432,32768,3851860538,298235637,0,15408311348,5233294407233432,5233300276860561,5233300299578782,5233294430229435
95,"void elementwise_kernel<FillFunctor, Array >(int, FillFunctor<int>, Array<char*, 1>) ",2,0,131,257775,257775,16000000,256,0,0,4,4,16,64,0x0,0x7f91e3bd93c0,317555,317555,16411,2540448,250000,206962791,2398346,0,834659756,5233294407419590,5233300299578782,5233300299755742,5233294430379616
96,"void elementwise_kernel<FillFunctor, Array >(int, FillFunctor<float>, Array<char*, 1>) ",2,0,133,257775,257775,4194304,256,0,0,4,4,16,64,0x0,0x7f91e3bd98c0,106583,106583,23748,852672,65536,56664294,655451,0,228441624,5233294407547500,5233300299769182,5233300299816542,5233294430497427
97,_kernel_0d1d2d3d4d5d6d7c8d9c10d11c.kd,2,0,134,257775,257775,2097152,256,40960,0,116,20,32,64,0x0,0x7f91e3c28680,37296882,37296882,485850,298375064,32768,3851329838,298181114,0,15406188928,5233294407697570,5233300299816554,5233300322536376,5233294453258421
98,"void elementwise_kernel<FillFunctor, Array >(int, FillFunctor<int>, Array<char*, 1>) ",2,0,136,257775,257775,16000000,256,0,0,4,4,16,64,0x0,0x7f91e3bd93c0,310807,310807,16996,2486464,250000,197743903,2342008,0,797788600,5233294407820129,5233300322547894,5233300322730934,5233294453475547
99,"void elementwise_kernel<FillFunctor, Array >(int, FillFunctor<float>, Array<char*, 1>) ",2,0,138,257775,257775,4194304,256,0,0,4,4,16,64,0x0,0x7f91e3bd98c0,101347,101347,16317,810784,65536,58826908,670363,0,237087984,5233294407939352,5233300322742934,5233300322790614,5233294453570464
100,_kernel_0d1d2d3d4d5d6d7c8d9c10d11c.kd,2,0,139,257775,257775,2097152,256,40960,0,116,20,32,64,0x0,0x7f91e3c28680,37302480,37302480,484038,298419848,32768,3851970351,298208594,0,15408750368,5233294408081719,5233300322790614,5233300345509636,5233294476348740
101,"void elementwise_kernel<FillFunctor, Array >(int, FillFunctor<int>, Array<char*, 1>) ",2,0,141,257775,257775,16000000,256,0,0,4,4,16,64,0x0,0x7f91e3bd93c0,310700,310700,16411,2485608,250000,196857909,2342717,0,794236184,5233294408201343,5233300345521156,5233300345694916,5233294476569403
102,"void elementwise_kernel<FillFunctor, Array >(int, FillFunctor<float>, Array<char*, 1>) ",2,0,143,257775,257775,4194304,256,0,0,4,4,16,64,0x0,0x7f91e3bd98c0,102664,102664,16155,821320,65536,60282704,684679,0,242915204,5233294408318842,5233300345706916,5233300345753156,5233294476664281
103,_kernel_0d1d2d3d4d5d6d7c8d9c10d11c.kd,2,0,144,257775,257775,2097152,256,40960,0,116,20,32,64,0x0,0x7f91e3c28680,37290416,37290416,485437,298323336,32768,3846910805,298110032,0,15388512548,5233294408463823,5233300345753156,5233300368475857,5233294499437157
104,"void elementwise_kernel<FillFunctor, Array >(int, FillFunctor<int>, Array<char*, 1>) ",2,0,146,257775,257775,16000000,256,0,0,4,4,16,64,0x0,0x7f91e3bd93c0,314505,314505,16687,2516048,250000,192753441,2373876,0,777832700,5233294408584078,5233300368487377,5233300368661777,5233294499660364
105,"void elementwise_kernel<FillFunctor, Array >(int, FillFunctor<float>, Array<char*, 1>) ",2,0,148,257775,257775,4194304,256,0,0,4,4,16,64,0x0,0x7f91e3bd98c0,101843,101843,15966,814752,65536,57534770,676031,0,231925268,5233294408702139,5233300368674097,5233300368722257,5233294499754500
106,_kernel_0d1d2d3d4d5d6d7c8d9c10d11c.kd,2,0,149,257775,257775,2097152,256,40960,0,116,20,32,64,0x0,0x7f91e3c28680,37301815,37301815,484425,298414528,32768,3850278060,298170078,0,15401981908,5233294408851138,5233300368722473,5233300391440379,5233294522538788
107,"void elementwise_kernel<FillFunctor, Array >(int, FillFunctor<float>, Array<char*, 1>) ",2,0,151,257775,257775,4194304,256,0,0,4,4,16,64,0x0,0x7f91e3bd98c0,90089,90089,14212,720720,65536,50820173,607775,0,205062704,5233294522751927,5233300391630937,5233300391679417,5233294522967290
108,_kernel_0d1d2d3d4d5d6d7c8d9c10d11c.kd,2,0,152,257775,257775,4194304,256,61440,0,128,16,48,64,0x0,0x7f91e3bb8680,37661555,37661555,244013,301292448,65536,3884834451,301127529,0,15541076260,5233294528816460,5233300397562134,5233300420524839,5233294551972243
109,"void elementwise_kernel<FillFunctor, Array >(int, FillFunctor<int>, Array<char*, 1>) ",2,0,155,257775,257775,16000000,256,0,0,4,4,16,64,0x0,0x7f91e3bd93c0,308877,308877,13738,2471024,250000,184486628,2360240,0,744758032,5233294551995897,5233300420618759,5233300420797319,5233294552381678
110,"void elementwise_kernel<FillFunctor, Array >(int, FillFunctor<float>, Array<char*, 1>) ",2,0,156,257775,257775,4194304,256,0,0,4,4,16,64,0x0,0x7f91e3bd98c0,102534,102534,14631,820280,65536,60965636,696034,0,245650708,5233294552203435,5233300420797319,5233300420847399,5233294552507914
111,_kernel_0d1d2d3d4d5d6d7c8d9c10d11c.kd,2,0,157,257775,257775,4194304,256,61440,0,128,16,48,64,0x0,0x7f91e3bb8680,37625671,37625671,247314,301005376,65536,3875058529,300840122,0,15501972512,5233294552356562,5233300420847399,5233300443794424,5233294575527292
112,"void elementwise_kernel<FillFunctor, Array >(int, FillFunctor<int>, Array<char*, 1>) ",2,0,158,257775,257775,16000000,256,0,0,4,4,16,64,0x0,0x7f91e3bd93c0,315709,315709,16505,2525680,250000,199121054,2382549,0,803289344,5233294552462089,5233300443794424,5233300443974104,5233294575681660
113,"void elementwise_kernel<FillFunctor, Array >(int, FillFunctor<float>, Array<char*, 1>) ",2,0,159,257775,257775,4194304,256,0,0,4,4,16,64,0x0,0x7f91e3bd98c0,108820,108820,14993,870568,65536,67598817,736172,0,272174076,5233294552704943,5233300443974104,5233300444024664,5233294575780996
114,_kernel_0d1d2d3d4d5d6d7c8d9c10d11c.kd,2,0,160,257775,257775,4194304,256,61440,0,128,16,48,64,0x0,0x7f91e3bb8680,37655081,37655081,249153,301240656,65536,3881494877,301013704,0,15527717772,5233294552852980,5233300444024520,5233300466973943,5233294598781809
115,"void elementwise_kernel<FillFunctor, Array >(int, FillFunctor<int>, Array<char*, 1>) ",2,0,161,257775,257775,16000000,256,0,0,4,4,16,64,0x0,0x7f91e3bd93c0,310247,310247,16719,2481984,250000,199588436,2338845,0,805163512,5233294552951184,5233300466973943,5233300467151061,5233294598990920
116,"void elementwise_kernel<FillFunctor, Array >(int, FillFunctor<float>, Array<char*, 1>) ",2,0,162,257775,257775,4194304,256,0,0,4,4,16,64,0x0,0x7f91e3bd98c0,108104,108104,16196,864840,65536,61881018,727826,0,249302372,5233294553039399,5233300467151061,5233300467200341,5233294599080107
117,_kernel_0d1d2d3d4d5d6d7c8d9c10d11c.kd,2,0,163,257775,257775,4194304,256,61440,0,128,16,48,64,0x0,0x7f91e3bb8680,37635982,37635982,248757,301087864,65536,3872554110,300910012,0,15491955312,5233294553175413,5233300467200341,5233300490153444,5233294622078936
118,"void elementwise_kernel<FillFunctor, Array >(int, FillFunctor<int>, Array<char*, 1>) ",2,0,164,257775,257775,16000000,256,0,0,4,4,16,64,0x0,0x7f91e3bd93c0,313438,313438,16065,2507512,250000,193624460,2368731,0,781307136,5233294553272024,5233300490153444,5233300490332644,5233294622291683
119,"void elementwise_kernel<FillFunctor, Array >(int, FillFunctor<float>, Array<char*, 1>) ",2,0,165,257775,257775,4194304,256,0,0,4,4,16,64,0x0,0x7f91e3bd98c0,107149,107149,14948,857200,65536,65251124,719009,0,262784008,5233294553360409,5233300490332644,5233300490380484,5233294622388905
120,_kernel_0d1d2d3d4d5d6d7c8d9c10d11c.kd,2,0,166,257775,257775,4194304,256,61440,0,128,16,48,64,0x0,0x7f91e3bb8680,37673413,37673413,248259,301387312,65536,3879816232,301151167,0,15521002860,5233294553494239,5233300490380484,5233300513351187,5233294645399697
121,"void elementwise_kernel<FillFunctor, Array >(int, FillFunctor<int>, Array<char*, 1>) ",2,0,167,257775,257775,16000000,256,0,0,4,4,16,64,0x0,0x7f91e3bd93c0,319993,319993,16103,2559952,250000,205081467,2420351,0,827132040,5233294553605888,5233300513351187,5233300513526547,5233294645617434
122,"void elementwise_kernel<FillFunctor, Array >(int, FillFunctor<float>, Array<char*, 1>) ",2,0,168,257775,257775,4194304,256,0,0,4,4,16,64,0x0,0x7f91e3bd98c0,104982,104982,15955,839864,65536,62024234,705332,0,249880104,5233294553691919,5233300513526547,5233300513576627,5233294645706130
123,_kernel_0d1d2d3d4d5d6d7c8d9c10d11c.kd,2,0,169,257775,257775,4194304,256,61440,0,128,16,48,64,0x0,0x7f91e3bb8680,37650846,37650846,248170,301206776,65536,3881007654,301034051,0,15525768732,5233294553825349,5233300513576569,5233300536516711,5233294668710569
124,"void elementwise_kernel<FillFunctor, Array >(int, FillFunctor<float>, Array<char*, 1>) ",2,0,171,257775,257775,4194304,256,0,0,4,4,16,64,0x0,0x7f91e3bd98c0,93336,93336,14286,746696,65536,56578402,638553,0,228091972,5233294668786541,5233300536578309,5233300536625189,5233294669001854
125,_kernel_0d1d2d3d4d5d6d7c8d9c10d11c.kd,2,0,172,257775,257775,4194304,256,61440,0,128,16,48,64,0x0,0x7f91e3bb8680,37611848,37611848,247197,300894792,65536,3874821498,300675577,0,15501024040,5233294669009548,5233300536638309,5233300559594131,5233294692213501
126,"void elementwise_kernel<FillFunctor, Array >(int, FillFunctor<int>, Array<char*, 1>) ",2,0,173,257775,257775,16000000,256,0,0,4,4,16,64,0x0,0x7f91e3bd93c0,313828,313828,15779,2510632,250000,191426413,2372482,0,772513208,5233294669202699,5233300559594131,5233300559770131,5233294692363231
127,"void elementwise_kernel<FillFunctor, Array >(int, FillFunctor<float>, Array<char*, 1>) ",2,0,175,257775,257775,4194304,256,0,0,4,4,16,64,0x0,0x7f91e3bd98c0,106789,106789,23981,854320,65536,56286511,656881,0,226933624,5233294669330338,5233300559783571,5233300559830451,5233294692483947
128,_kernel_0d1d2d3d4d5d6d7c8d9c10d11c.kd,2,0,176,257775,257775,4194304,256,61440,0,128,16,48,64,0x0,0x7f91e3bb8680,37661882,37661882,250621,301295064,65536,3881071942,301055516,0,15526026816,5233294669479638,5233300559830451,5233300582793793,5233294715473919
129,"void elementwise_kernel<FillFunctor, Array >(int, FillFunctor<int>, Array<char*, 1>) ",2,0,178,257775,257775,16000000,256,0,0,4,4,16,64,0x0,0x7f91e3bd93c0,311719,311719,15903,2493760,250000,194838522,2347403,0,786163368,5233294669604581,5233300582804993,5233300582981313,5233294715694181
130,"void elementwise_kernel<FillFunctor, Array >(int, FillFunctor<float>, Array<char*, 1>) ",2,0,180,257775,257775,4194304,256,0,0,4,4,16,64,0x0,0x7f91e3bd98c0,102774,102774,16561,822200,65536,62272695,683063,0,250875488,5233294669725187,5233300582993473,5233300583040673,5233294715788959
131,_kernel_0d1d2d3d4d5d6d7c8d9c10d11c.kd,2,0,181,257775,257775,4194304,256,61440,0,128,16,48,64,0x0,0x7f91e3bb8680,37648266,37648266,249190,301186136,65536,3880459281,300981432,0,15523575872,5233294669868094,5233300583040690,5233300605991553,5233294738794159
132,"void elementwise_kernel<FillFunctor, Array >(int, FillFunctor<int>, Array<char*, 1>) ",2,0,183,257775,257775,16000000,256,0,0,4,4,16,64,0x0,0x7f91e3bd93c0,314172,314172,17113,2513384,250000,197177046,2370192,0,795517932,5233294669986736,5233300606002911,5233300606177471,5233294739012768
133,"void elementwise_kernel<FillFunctor, Array >(int, FillFunctor<float>, Array<char*, 1>) ",2,0,185,257775,257775,4194304,256,0,0,4,4,16,64,0x0,0x7f91e3bd98c0,101676,101676,16084,813416,65536,59069705,676063,0,238064704,5233294670114495,5233300606189471,5233300606235871,5233294739107245
134,_kernel_0d1d2d3d4d5d6d7c8d9c10d11c.kd,2,0,186,257775,257775,4194304,256,61440,0,128,16,48,64,0x0,0x7f91e3bb8680,37671123,37671123,250222,301368992,65536,3883500478,301118213,0,15535740264,5233294670261059,5233300606235871,5233300629182093,5233294762121673
135,"void elementwise_kernel<FillFunctor, Array >(int, FillFunctor<int>, Array<char*, 1>) ",2,0,188,257775,257775,16000000,256,0,0,4,4,16,64,0x0,0x7f91e3bd93c0,312905,312905,16059,2503248,250000,184827956,2362532,0,746127808,5233294670381685,5233300629193453,5233300629372013,5233294762342135
136,"void elementwise_kernel<FillFunctor, Array >(int, FillFunctor<float>, Array<char*, 1>) ",2,0,190,257775,257775,4194304,256,0,0,4,4,16,64,0x0,0x7f91e3bd98c0,101571,101571,16389,812576,65536,59803023,673757,0,240997008,5233294670501759,5233300629384173,5233300629432173,5233294762436452
137,_kernel_0d1d2d3d4d5d6d7c8d9c10d11c.kd,2,0,191,257775,257775,4194304,256,61440,0,128,16,48,64,0x0,0x7f91e3bb8680,37654278,37654278,247697,301234232,65536,3877211065,301064899,0,15510583104,5233294670645207,5233300629432173,5233300652381595,5233294785445730
138,"void elementwise_kernel<FillFunctor, Array >(int, FillFunctor<float>, Array<char*, 1>) ",2,0,193,257775,257775,4194304,256,0,0,4,4,16,64,0x0,0x7f91e3bd98c0,91756,91756,14891,734056,65536,49610079,620759,0,200224428,5233294785658458,5233300652578555,5233300652625595,5233294785870795
139,_kernel_0d1d2d3d4d5d6d7c8d9c10d11c.kd,2,0,194,257775,257775,4194304,256,40960,0,116,20,32,64,0x0,0x7f91e3ba8680,37714083,37714083,245456,301712672,65536,3876827104,301550941,0,15509047600,5233294791292927,5233300658123774,5233300681114638,5233294814475279
140,"void elementwise_kernel<FillFunctor, Array >(int, FillFunctor<int>, Array<char*, 1>) ",2,0,197,257775,257775,16000000,256,0,0,4,4,16,64,0x0,0x7f91e3bd93c0,310221,310221,13616,2481776,250000,192422036,2367968,0,776489760,5233294814495687,5233300681212876,5233300681393516,5233294814885937
141,"void elementwise_kernel<FillFunctor, Array >(int, FillFunctor<float>, Array<char*, 1>) ",2,0,198,257775,257775,4194304,256,0,0,4,4,16,64,0x0,0x7f91e3bd98c0,101409,101409,14414,811280,65536,62179185,685423,0,250504056,5233294814707002,5233300681393516,5233300681446956,5233294815009368
142,_kernel_0d1d2d3d4d5d6d7c8d9c10d11c.kd,2,0,199,257775,257775,4194304,256,40960,0,116,20,32,64,0x0,0x7f91e3ba8680,37762432,37762432,247964,302099464,65536,3889381466,301926144,0,15559264216,5233294814860059,5233300681446956,5233300704450940,5233294838107883
143,"void elementwise_kernel<FillFunctor, Array >(int, FillFunctor<int>, Array<char*, 1>) ",2,0,200,257775,257775,16000000,256,0,0,4,4,16,64,0x0,0x7f91e3bd93c0,320052,320052,16792,2560424,250000,197431834,2414216,0,796544160,5233294814963753,5233300704450940,5233300704627740,5233294838261761
144,"void elementwise_kernel<FillFunctor, Array >(int, FillFunctor<float>, Array<char*, 1>) ",2,0,201,257775,257775,4194304,256,0,0,4,4,16,64,0x0,0x7f91e3bd98c0,105102,105102,17413,840824,65536,59585459,698979,0,240131236,5233294815206507,5233300704627740,5233300704675900,5233294838376195
145,_kernel_0d1d2d3d4d5d6d7c8d9c10d11c.kd,2,0,202,257775,257775,4194304,256,40960,0,116,20,32,64,0x0,0x7f91e3ba8680,37701492,37701492,248904,301611944,65536,3873012976,301381753,0,15493791148,5233294815352359,5233300704675900,5233300727664043,5233294861384993
146,"void elementwise_kernel<FillFunctor, Array >(int, FillFunctor<int>, Array<char*, 1>) ",2,0,203,257775,257775,16000000,256,0,0,4,4,16,64,0x0,0x7f91e3bd93c0,311052,311052,15730,2488424,250000,192485809,2348813,0,776754204,5233294815449902,5233300727664043,5233300727841163,5233294861598482
147,"void elementwise_kernel<FillFunctor, Array >(int, FillFunctor<float>, Array<char*, 1>) ",2,0,204,257775,257775,4194304,256,0,0,4,4,16,64,0x0,0x7f91e3bd98c0,105123,105123,16661,840992,65536,59175106,698982,0,238480956,5233294815542896,5233300727841163,5233300727890923,5233294861686697
148,_kernel_0d1d2d3d4d5d6d7c8d9c10d11c.kd,2,0,205,257775,257775,4194304,256,40960,0,116,20,32,64,0x0,0x7f91e3ba8680,37751200,37751200,251603,302009608,65536,3889176149,301778684,0,15558443600,5233294815682517,5233300727890781,5233300750889803,5233294884747271
149,"void elementwise_kernel<FillFunctor, Array >(int, FillFunctor<int>, Array<char*, 1>) ",2,0,206,257775,257775,16000000,256,0,0,4,4,16,64,0x0,0x7f91e3bd93c0,316092,316092,16221,2528744,250000,192494446,2385138,0,776794156,5233294815776363,5233300750889803,5233300751069161,5233294884960410
150,"void elementwise_kernel<FillFunctor, Array >(int, FillFunctor<float>, Array<char*, 1>) ",2,0,207,257775,257775,4194304,256,0,0,4,4,16,64,0x0,0x7f91e3bd98c0,107453,107453,16080,859632,65536,62591187,720801,0,252146992,5233294815863996,5233300751069161,5233300751117961,5233294885052412
151,_kernel_0d1d2d3d4d5d6d7c8d9c10d11c.kd,2,0,208,257775,257775,4194304,256,40960,0,116,20,32,64,0x0,0x7f91e3ba8680,37734221,37734221,249439,301873776,65536,3882231783,301680233,0,15530665956,5233294815997947,5233300751117961,5233300774091543,5233294908096766
152,"void elementwise_kernel<FillFunctor, Array >(int, FillFunctor<int>, Array<char*, 1>) ",2,0,209,257775,257775,16000000,256,0,0,4,4,16,64,0x0,0x7f91e3bd93c0,313973,313973,16322,2511792,250000,197277400,2371503,0,795910496,5233294816093756,5233300774091543,5233300774269143,5233294908311738
153,"void elementwise_kernel<FillFunctor, Array >(int, FillFunctor<float>, Array<char*, 1>) ",2,0,210,257775,257775,4194304,256,0,0,4,4,16,64,0x0,0x7f91e3bd98c0,105056,105056,15695,840456,65536,61163389,701560,0,246439592,5233294816196959,5233300774269143,5233300774316983,5233294908402107
154,_kernel_0d1d2d3d4d5d6d7c8d9c10d11c.kd,2,0,211,257775,257775,4194304,256,40960,0,116,20,32,64,0x0,0x7f91e3ba8680,37742240,37742240,248268,301937928,65536,3885520637,301697088,0,15543821400,5233294816330749,5233300774316983,5233300797320804,5233294931450569
155,"void elementwise_kernel<FillFunctor, Array >(int, FillFunctor<float>, Array<char*, 1>) ",2,0,213,257775,257775,4194304,256,0,0,4,4,16,64,0x0,0x7f91e3bd98c0,92975,92975,13521,743808,65536,54958010,635035,0,221611936,5233294931534606,5233300797384484,5233300797432484,5233294931780927
156,_kernel_0d1d2d3d4d5d6d7c8d9c10d11c.kd,2,0,214,257775,257775,4194304,256,40960,0,116,20,32,64,0x0,0x7f91e3ba8680,37744427,37744427,245945,301955424,65536,3884296173,301762849,0,15538923808,5233294931792217,5233300797458702,5233300820428926,5233294955058106
157,"void elementwise_kernel<FillFunctor, Array >(int, FillFunctor<int>, Array<char*, 1>) ",2,0,215,257775,257775,16000000,256,0,0,4,4,16,64,0x0,0x7f91e3bd93c0,316970,316970,16117,2535768,250000,189985379,2399255,0,766760732,5233294931976492,5233300820428926,5233300820607004,5233294955209830
158,"void elementwise_kernel<FillFunctor, Array >(int, FillFunctor<float>, Array<char*, 1>) ",2,0,217,257775,257775,4194304,256,0,0,4,4,16,64,0x0,0x7f91e3bd98c0,102420,102420,16658,819368,65536,58641924,683238,0,236359544,5233294932099753,5233300820620444,5233300820668284,5233294955309436
159,_kernel_0d1d2d3d4d5d6d7c8d9c10d11c.kd,2,0,218,257775,257775,4194304,256,40960,0,116,20,32,64,0x0,0x7f91e3ba8680,37695065,37695065,248415,301560528,65536,3876681389,301308648,0,15508464680,5233294932244594,5233300820668284,5233300843632748,5233294978327270
160,"void elementwise_kernel<FillFunctor, Array >(int, FillFunctor<int>, Array<char*, 1>) ",2,0,220,257775,257775,16000000,256,0,0,4,4,16,64,0x0,0x7f91e3bd93c0,318735,318735,16800,2549888,250000,201484461,2405924,0,812741680,5233294932369027,5233300843644268,5233300843818668,5233294978551359
161,"void elementwise_kernel<FillFunctor, Array >(int, FillFunctor<float>, Array<char*, 1>) ",2,0,222,257775,257775,4194304,256,0,0,4,4,16,64,0x0,0x7f91e3bd98c0,101766,101766,15937,814136,65536,58737686,677127,0,236737756,5233294932488350,5233300843830828,5233300843882188,5233294978651386
162,_kernel_0d1d2d3d4d5d6d7c8d9c10d11c.kd,2,0,223,257775,257775,4194304,256,40960,0,116,20,32,64,0x0,0x7f91e3ba8680,37662063,37662063,248812,301296512,65536,3868226667,301053495,0,15474645912,5233294932636467,5233300843882188,5233300866902171,5233295001645015
163,"void elementwise_kernel<FillFunctor, Array >(int, FillFunctor<int>, Array<char*, 1>) ",2,0,225,257775,257775,16000000,256,0,0,4,4,16,64,0x0,0x7f91e3bd93c0,306960,306960,16874,2455688,250000,189781895,2316240,0,765935328,5233294932755710,5233300866913691,5233300867091131,5233295001863294
164,"void elementwise_kernel<FillFunctor, Array >(int, FillFunctor<float>, Array<char*, 1>) ",2,0,227,257775,257775,4194304,256,0,0,4,4,16,64,0x0,0x7f91e3bd98c0,102442,102442,16976,819544,65536,58731992,674523,0,236717760,5233294932875674,5233300867103291,5233300867149211,5233295001957740
165,_kernel_0d1d2d3d4d5d6d7c8d9c10d11c.kd,2,0,228,257775,257775,4194304,256,40960,0,116,20,32,64,0x0,0x7f91e3ba8680,37723659,37723659,249756,301789280,65536,3880577620,301573750,0,15524049276,5233294933017359,5233300867149431,5233300890135818,5233295025000662
166,"void elementwise_kernel<FillFunctor, Array >(int, FillFunctor<int>, Array<char*, 1>) ",2,0,230,257775,257775,16000000,256,0,0,4,4,16,64,0x0,0x7f91e3bd93c0,321354,321354,16510,2570840,250000,204284731,2427323,0,823943844,5233294933138386,5233300890147336,5233300890323016,5233295025222707
167,"void elementwise_kernel<FillFunctor, Array >(int, FillFunctor<float>, Array<char*, 1>) ",2,0,232,257775,257775,4194304,256,0,0,4,4,16,64,0x0,0x7f91e3bd98c0,102382,102382,16356,819064,65536,59035654,681411,0,237930620,5233294933254793,5233300890335016,5233300890381736,5233295025317655
168,_kernel_0d1d2d3d4d5d6d7c8d9c10d11c.kd,2,0,233,257775,257775,4194304,256,40960,0,116,20,32,64,0x0,0x7f91e3ba8680,37759536,37759536,250009,302076296,65536,3889887466,301849975,0,15561288576,5233294933401327,5233300890381736,5233300913389563,5233295048377778
169,"void elementwise_kernel<FillFunctor, Array >(int, FillFunctor<float>, Array<char*, 1>) ",2,0,235,257775,257775,4194304,256,0,0,4,4,16,64,0x0,0x7f91e3bd98c0,92540,92540,15321,740328,65536,53993919,627600,0,217752204,5233295048592400,5233300913590362,5233300913638362,5233295048839692
170,_kernel_0d1d2d3d4d5d6d7c8d9c10d11c.kd,2,0,236,257775,257775,8388608,256,61440,0,128,16,48,64,0x0,0x7f91e3b98680,37942777,37942777,125224,303542224,131072,3908830497,303423178,0,15638795212,5233295055133515,5233300920065879,5233300943380104,5233295078482088
171,"void elementwise_kernel<FillFunctor, Array >(int, FillFunctor<int>, Array<char*, 1>) ",2,0,239,257775,257775,16000000,256,0,0,4,4,16,64,0x0,0x7f91e3bd93c0,305224,305224,13373,2441800,250000,188298151,2330020,0,760003444,5233295078505922,5233300943474344,5233300943653864,5233295078896533
172,"void elementwise_kernel<FillFunctor, Array >(int, FillFunctor<float>, Array<char*, 1>) ",2,0,240,257775,257775,4194304,256,0,0,4,4,16,64,0x0,0x7f91e3bd98c0,107595,107595,21461,860768,65536,59352676,717575,0,239202776,5233295078721796,5233300943653864,5233300943709064,5233295078994416
173,_kernel_0d1d2d3d4d5d6d7c8d9c10d11c.kd,2,0,241,257775,257775,8388608,256,61440,0,128,16,48,64,0x0,0x7f91e3b98680,38209429,38209429,134682,305675440,131072,3920141403,305456320,0,15684039924,5233295078876085,5233300943709270,5233300967040459,5233295102416727
174,"void elementwise_kernel<FillFunctor, Array >(int, FillFunctor<int>, Array<char*, 1>) ",2,0,242,257775,257775,16000000,256,0,0,4,4,16,64,0x0,0x7f91e3bd93c0,319824,319824,17595,2558600,250000,206059275,2419739,0,831037624,5233295078979738,5233300967040459,5233300967221577,5233295102568441
175,"void elementwise_kernel<FillFunctor, Array >(int, FillFunctor<float>, Array<char*, 1>) ",2,0,243,257775,257775,4194304,256,0,0,4,4,16,64,0x0,0x7f91e3bd98c0,103145,103145,15656,825168,65536,58916103,688750,0,237439988,5233295079176527,5233300967221577,5233300967269097,5233295102683666
176,_kernel_0d1d2d3d4d5d6d7c8d9c10d11c.kd,2,0,244,257775,257775,8388608,256,61440,0,128,16,48,64,0x0,0x7f91e3b98680,38187546,38187546,133063,305500376,131072,3910545425,305141585,0,15645655652,5233295079323431,5233300967269097,5233300990579486,5233295126012633
177,"void elementwise_kernel<FillFunctor, Array >(int, FillFunctor<int>, Array<char*, 1>) ",2,0,245,257775,257775,16000000,256,0,0,4,4,16,64,0x0,0x7f91e3bd93c0,317032,317032,17534,2536264,250000,199081311,2396465,0,803124316,5233295079422727,5233300990579486,5233300990761406,5233295126230561
178,"void elementwise_kernel<FillFunctor, Array >(int, FillFunctor<float>, Array<char*, 1>) ",2,0,246,257775,257775,4194304,256,0,0,4,4,16,64,0x0,0x7f91e3bd98c0,106869,106869,16362,854960,65536,62257349,718154,0,250814520,5233295079511493,5233300990761406,5233300990814526,5233295126320569
179,_kernel_0d1d2d3d4d5d6d7c8d9c10d11c.kd,2,0,247,257775,257775,8388608,256,61440,0,128,16,48,64,0x0,0x7f91e3b98680,38293678,38293678,134324,306349432,131072,3919892687,306096118,0,15683045584,5233295079648419,5233300990814526,5233301014119954,5233295149731739
180,"void elementwise_kernel<FillFunctor, Array >(int, FillFunctor<int>, Array<char*, 1>) ",2,0,248,257775,257775,16000000,256,0,0,4,4,16,64,0x0,0x7f91e3bd93c0,299209,299209,12167,2393680,250000,188294839,2291523,0,759992208,5233295079744168,5233301014119954,5233301014296114,5233295150324428
181,"void elementwise_kernel<FillFunctor, Array >(int, FillFunctor<float>, Array<char*, 1>) ",2,0,249,257775,257775,4194304,256,0,0,4,4,16,64,0x0,0x7f91e3bd98c0,91053,91053,11849,728432,65536,48403703,634241,0,195394272,5233295079830259,5233301014296114,5233301014345714,5233295150384199
182,_kernel_0d1d2d3d4d5d6d7c8d9c10d11c.kd,2,0,250,257775,257775,8388608,256,61440,0,128,16,48,64,0x0,0x7f91e3b98680,38030443,38030443,132538,304243552,131072,3911974897,304101398,0,15651373776,5233295079965632,5233301014345200,5233301037613343,5233295173275387
183,"void elementwise_kernel<FillFunctor, Array >(int, FillFunctor<int>, Array<char*, 1>) ",2,0,251,257775,257775,16000000,256,0,0,4,4,16,64,0x0,0x7f91e3bd93c0,322631,322631,17058,2581056,250000,201050514,2439870,0,811003700,5233295080060430,5233301037613343,5233301037790141,5233295173492473
184,"void elementwise_kernel<FillFunctor, Array >(int, FillFunctor<float>, Array<char*, 1>) ",2,0,252,257775,257775,4194304,256,0,0,4,4,16,64,0x0,0x7f91e3bd98c0,105533,105533,16138,844272,65536,60882438,700460,0,245306824,5233295080165566,5233301037790141,5233301037841021,5233295173580347
185,_kernel_0d1d2d3d4d5d6d7c8d9c10d11c.kd,2,0,253,257775,257775,8388608,256,61440,0,128,16,48,64,0x0,0x7f91e3b98680,38195524,38195524,133935,305564200,131072,3917234744,305409474,0,15672412032,5233295080298145,5233301037841021,5233301061157004,5233295196935282
186,"void elementwise_kernel<FillFunctor, Array >(int, FillFunctor<float>, Array<char*, 1>) ",2,0,255,257775,257775,4194304,256,0,0,4,4,16,64,0x0,0x7f91e3bd98c0,91144,91144,13963,729160,65536,52712543,620919,0,212640312,5233295197013939,5233301061219884,5233301061267244,5233295197231616
187,_kernel_0d1d2d3d4d5d6d7c8d9c10d11c.kd,2,0,256,257775,257775,8388608,256,61440,0,128,16,48,64,0x0,0x7f91e3b98680,38125877,38125877,130067,305007024,131072,3908115828,304837967,0,15635937980,5233295197241385,5233301061288844,5233301084605466,5233295220762370
188,"void elementwise_kernel<FillFunctor, Array >(int, FillFunctor<int>, Array<char*, 1>) ",2,0,257,257775,257775,16000000,256,0,0,4,4,16,64,0x0,0x7f91e3bd93c0,314728,314728,16572,2517832,250000,189092953,2377982,0,763195396,5233295197423134,5233301084605466,5233301084784506,5233295220913723
189,"void elementwise_kernel<FillFunctor, Array >(int, FillFunctor<float>, Array<char*, 1>) ",2,0,259,257775,257775,4194304,256,0,0,4,4,16,64,0x0,0x7f91e3bd98c0,108130,108130,24200,865048,65536,57350866,664243,0,231177468,5233295197546756,5233301084798106,5233301084845946,5233295221030922
190,_kernel_0d1d2d3d4d5d6d7c8d9c10d11c.kd,2,0,260,257775,257775,8388608,256,61440,0,128,16,48,64,0x0,0x7f91e3b98680,37963156,37963156,130373,303705256,131072,3906144352,303402596,0,15628051452,5233295197694262,5233301084845899,5233301108209241,5233295244231669
191,"void elementwise_kernel<FillFunctor, Array >(int, FillFunctor<int>, Array<char*, 1>) ",2,0,262,257775,257775,16000000,256,0,0,4,4,16,64,0x0,0x7f91e3bd93c0,313410,313410,15948,2507288,250000,201821856,2366972,0,814097052,5233295197816320,5233301108220919,5233301108398519,5233295244452001
192,"void elementwise_kernel<FillFunctor, Array >(int, FillFunctor<float>, Array<char*, 1>) ",2,0,264,257775,257775,4194304,256,0,0,4,4,16,64,0x0,0x7f91e3bd98c0,104105,104105,16757,832848,65536,57789365,695136,0,232940120,5233295197935312,5233301108410679,5233301108457559,5233295244548692
193,_kernel_0d1d2d3d4d5d6d7c8d9c10d11c.kd,2,0,265,257775,257775,8388608,256,61440,0,128,16,48,64,0x0,0x7f91e3b98680,38224657,38224657,134276,305797264,131072,3914547120,305365296,0,15661662520,5233295198088088,5233301108457559,5233301131776581,5233295267911391
194,"void elementwise_kernel<FillFunctor, Array >(int, FillFunctor<int>, Array<char*, 1>) ",2,0,267,257775,257775,16000000,256,0,0,4,4,16,64,0x0,0x7f91e3bd93c0,312023,312023,17626,2496192,250000,191042272,2351880,0,770980380,5233295198214665,5233301131788261,5233301131963301,5233295268133517
195,"void elementwise_kernel<FillFunctor, Array >(int, FillFunctor<float>, Array<char*, 1>) ",2,0,269,257775,257775,4194304,256,0,0,4,4,16,64,0x0,0x7f91e3bd98c0,101338,101338,16017,810712,65536,58779852,674300,0,236906372,5233295198331213,5233301131975461,5233301132022341,5233295268227132
196,_kernel_0d1d2d3d4d5d6d7c8d9c10d11c.kd,2,0,270,257775,257775,8388608,256,61440,0,128,16,48,64,0x0,0x7f91e3b98680,38020631,38020631,132832,304165056,131072,3911535954,303957514,0,15649618136,5233295198474882,5233301132022341,5233301155215923,5233295291472111
197,"void elementwise_kernel<FillFunctor, Array >(int, FillFunctor<int>, Array<char*, 1>) ",2,0,272,257775,257775,16000000,256,0,0,4,4,16,64,0x0,0x7f91e3bd93c0,311614,311614,16792,2492920,250000,196948135,2347613,0,794593948,5233295198595608,5233301155227923,5233301155406963,5233295291693986
198,"void elementwise_kernel<FillFunctor, Array >(int, FillFunctor<float>, Array<char*, 1>) ",2,0,274,257775,257775,4194304,256,0,0,4,4,16,64,0x0,0x7f91e3bd98c0,103299,103299,15995,826400,65536,59736164,686442,0,240727872,5233295198712546,5233301155419283,5233301155466163,5233295291789775
199,_kernel_0d1d2d3d4d5d6d7c8d9c10d11c.kd,2,0,275,257775,257775,8388608,256,61440,0,128,16,48,64,0x0,0x7f91e3b98680,38209371,38209371,132967,305674976,131072,3917405552,305509564,0,15673096784,5233295198857738,5233301155466177,5233301178789679,5233295315154458
200,"void elementwise_kernel<FillFunctor, Array >(int, FillFunctor<float>, Array<char*, 1>) ",2,0,277,257775,257775,4194304,256,0,0,4,4,16,64,0x0,0x7f91e3bd98c0,89941,89941,13769,719536,65536,52083980,610565,0,210120916,5233295315363389,5233301179005677,5233301179052397,5233295315575847
201,_kernel_0d1d2d3d4d5d6d7c8d9c10d11c.kd,2,0,278,257775,257775,8388608,256,40960,0,116,20,32,64,0x0,0x7f91e3b88680,38265896,38265896,129368,306127176,131072,3917356969,305967866,0,15672903196,5233295321363402,5233301184907433,5233301208209495,5233295344889738
202,"void elementwise_kernel<FillFunctor, Array >(int, FillFunctor<int>, Array<char*, 1>) ",2,0,281,257775,257775,16000000,256,0,0,4,4,16,64,0x0,0x7f91e3bd93c0,305942,305942,13958,2447544,250000,187980099,2335344,0,758730768,5233295344914243,5233301208305975,5233301208487575,5233295345299915
203,"void elementwise_kernel<FillFunctor, Array >(int, FillFunctor<float>, Array<char*, 1>) ",2,0,282,257775,257775,4194304,256,0,0,4,4,16,64,0x0,0x7f91e3bd98c0,101678,101678,14567,813432,65536,60447323,689504,0,243577992,5233295345123855,5233301208487575,5233301208537494,5233295345413287
204,_kernel_0d1d2d3d4d5d6d7c8d9c10d11c.kd,2,0,283,257775,257775,8388608,256,40960,0,116,20,32,64,0x0,0x7f91e3b88680,38298791,38298791,132710,306390336,131072,3918793028,306218713,0,15678646124,5233295345274687,5233301208537494,5233301231882756,5233295368860805
205,"void elementwise_kernel<FillFunctor, Array >(int, FillFunctor<int>, Array<char*, 1>) ",2,0,284,257775,257775,16000000,256,0,0,4,4,16,64,0x0,0x7f91e3bd93c0,310578,310578,16604,2484632,250000,197869716,2340511,0,798301172,5233295345377410,5233301231882756,5233301232060196,5233295369008902
206,"void elementwise_kernel<FillFunctor, Array >(int, FillFunctor<float>, Array<char*, 1>) ",2,0,285,257775,257775,4194304,256,0,0,4,4,16,64,0x0,0x7f91e3bd98c0,103323,103323,16922,826592,65536,58120522,686001,0,234266972,5233295345590208,5233301232060196,5233301232108996,5233295369122124
207,_kernel_0d1d2d3d4d5d6d7c8d9c10d11c.kd,2,0,286,257775,257775,8388608,256,40960,0,116,20,32,64,0x0,0x7f91e3b88680,38270237,38270237,133497,306161904,131072,3911789245,305972158,0,15650631384,5233295345731472,5233301232109026,5233301255421969,5233295392491365
208,"void elementwise_kernel<FillFunctor, Array >(int, FillFunctor<int>, Array<char*, 1>) ",2,0,287,257775,257775,16000000,256,0,0,4,4,16,64,0x0,0x7f91e3bd93c0,317369,317369,16311,2538960,250000,200604758,2396309,0,809230656,5233295345829636,5233301255421969,5233301255599247,5233295392705546
209,"void elementwise_kernel<FillFunctor, Array >(int, FillFunctor<float>, Array<char*, 1>) ",2,0,288,257775,257775,4194304,256,0,0,4,4,16,64,0x0,0x7f91e3bd98c0,107642,107642,16403,861144,65536,62080853,723635,0,250111572,5233295345918081,5233301255599247,5233301255648687,5233295392796255
210,_kernel_0d1d2d3d4d5d6d7c8d9c10d11c.kd,2,0,289,257775,257775,8388608,256,40960,0,116,20,32,64,0x0,0x7f91e3b88680,38165403,38165403,134842,305323232,131072,3914859695,304971215,0,15662914380,5233295346062301,5233301255648687,5233301278990910,5233295416119501
211,"void elementwise_kernel<FillFunctor, Array >(int, FillFunctor<int>, Array<char*, 1>) ",2,0,290,257775,257775,16000000,256,0,0,4,4,16,64,0x0,0x7f91e3bd93c0,321004,321004,16965,2568040,250000,197359500,2430821,0,796258192,5233295346171886,5233301278990910,5233301279167389,5233295416339603
212,"void elementwise_kernel<FillFunctor, Array >(int, FillFunctor<float>, Array<char*, 1>) ",2,0,291,257775,257775,4194304,256,0,0,4,4,16,64,0x0,0x7f91e3bd98c0,105978,105978,16115,847832,65536,60408753,710490,0,243424360,5233295346262926,5233301279167389,5233301279215709,5233295416430373
213,_kernel_0d1d2d3d4d5d6d7c8d9c10d11c.kd,2,0,292,257775,257775,8388608,256,40960,0,116,20,32,64,0x0,0x7f91e3b88680,38237230,38237230,133040,305897848,131072,3922590131,305716800,0,15693835948,5233295346401575,5233301279215709,5233301302487532,5233295439794905
214,"void elementwise_kernel<FillFunctor, Array >(int, FillFunctor<int>, Array<char*, 1>) ",2,0,293,257775,257775,16000000,256,0,0,4,4,16,64,0x0,0x7f91e3bd93c0,315084,315084,15619,2520680,250000,194266871,2387403,0,783870460,5233295346496713,5233301302487532,5233301302667852,5233295440011220
215,"void elementwise_kernel<FillFunctor, Array >(int, FillFunctor<float>, Array<char*, 1>) ",2,0,294,257775,257775,4194304,256,0,0,4,4,16,64,0x0,0x7f91e3bd98c0,106157,106157,16386,849264,65536,59225566,710290,0,238690672,5233295346581001,5233301302667852,5233301302716012,5233295440099395
216,_kernel_0d1d2d3d4d5d6d7c8d9c10d11c.kd,2,0,295,257775,257775,8388608,256,40960,0,116,20,32,64,0x0,0x7f91e3b88680,38205620,38205620,133014,305644968,131072,3917125721,305467282,0,15671977172,5233295346734288,5233301302716207,5233301326031712,5233295463449491
217,"void elementwise_kernel<FillFunctor, Array >(int, FillFunctor<float>, Array<char*, 1>) ",2,0,297,257775,257775,4194304,256,0,0,4,4,16,64,0x0,0x7f91e3bd98c0,90553,90553,13853,724432,65536,50402019,613855,0,203394684,5233295463528288,5233301326101470,5233301326148670,5233295463742589
218,_kernel_0d1d2d3d4d5d6d7c8d9c10d11c.kd,2,0,298,257775,257775,8388608,256,40960,0,116,20,32,64,0x0,0x7f91e3b88680,38150443,38150443,131183,305203552,131072,3912328002,304882225,0,15652788008,5233295463750484,5233301326170270,5233301349480975,5233295487275126
219,"void elementwise_kernel<FillFunctor, Array >(int, FillFunctor<int>, Array<char*, 1>) ",2,0,299,257775,257775,16000000,256,0,0,4,4,16,64,0x0,0x7f91e3bd93c0,317295,317295,15951,2538368,250000,203671065,2400417,0,821490580,5233295463935911,5233301349480975,5233301349662575,5233295487431268
220,"void elementwise_kernel<FillFunctor, Array >(int, FillFunctor<float>, Array<char*, 1>) ",2,0,301,257775,257775,4194304,256,0,0,4,4,16,64,0x0,0x7f91e3bd98c0,101003,101003,16322,808032,65536,58549118,670123,0,235976312,5233295464059391,5233301349675855,5233301349722255,5233295487529872
221,_kernel_0d1d2d3d4d5d6d7c8d9c10d11c.kd,2,0,302,257775,257775,8388608,256,40960,0,116,20,32,64,0x0,0x7f91e3b88680,38293829,38293829,135746,306350640,131072,3920121993,306167832,0,15683962904,5233295464206256,5233301349722255,5233301373044319,5233295510927628
222,"void elementwise_kernel<FillFunctor, Array >(int, FillFunctor<int>, Array<char*, 1>) ",2,0,304,257775,257775,16000000,256,0,0,4,4,16,64,0x0,0x7f91e3bd93c0,314226,314226,16992,2513816,250000,203845698,2372048,0,822176520,5233295464329196,5233301373055839,5233301373234559,5233295511150585
223,"void elementwise_kernel<FillFunctor, Array >(int, FillFunctor<float>, Array<char*, 1>) ",2,0,306,257775,257775,4194304,256,0,0,4,4,16,64,0x0,0x7f91e3bd98c0,102748,102748,16879,821992,65536,58226979,680814,0,234690756,5233295464447247,5233301373246879,5233301373293439,5233295511244610
224,_kernel_0d1d2d3d4d5d6d7c8d9c10d11c.kd,2,0,307,257775,257775,8388608,256,40960,0,116,20,32,64,0x0,0x7f91e3b88680,38210438,38210438,132473,305683512,131072,3914581784,305505936,0,15661802664,5233295464593350,5233301373293231,5233301396586814,5233295534598684
225,"void elementwise_kernel<FillFunctor, Array >(int, FillFunctor<int>, Array<char*, 1>) ",2,0,309,257775,257775,16000000,256,0,0,4,4,16,64,0x0,0x7f91e3bd93c0,316157,316157,16949,2529264,250000,198025096,2386091,0,798909692,5233295464718254,5233301396598492,5233301396774332,5233295534819006
226,"void elementwise_kernel<FillFunctor, Array >(int, FillFunctor<float>, Array<char*, 1>) ",2,0,311,257775,257775,4194304,256,0,0,4,4,16,64,0x0,0x7f91e3bd98c0,101550,101550,15959,812408,65536,58840851,676524,0,237149948,5233295464835503,5233301396786492,5233301396834172,5233295534912832
227,_kernel_0d1d2d3d4d5d6d7c8d9c10d11c.kd,2,0,312,257775,257775,8388608,256,40960,0,116,20,32,64,0x0,0x7f91e3b88680,38248407,38248407,133662,305987264,131072,3922244659,305795059,0,15692454284,5233295464978381,5233301396834172,5233301420165675,5233295558286221
228,"void elementwise_kernel<FillFunctor, Array >(int, FillFunctor<int>, Array<char*, 1>) ",2,0,314,257775,257775,16000000,256,0,0,4,4,16,64,0x0,0x7f91e3bd93c0,313885,313885,17011,2511088,250000,190782219,2365971,0,769942304,5233295465100269,5233301420177034,5233301420350794,5233295558509128
229,"void elementwise_kernel<FillFunctor, Array >(int, FillFunctor<float>, Array<char*, 1>) ",2,0,316,257775,257775,4194304,256,0,0,4,4,16,64,0x0,0x7f91e3bd98c0,101808,101808,16162,814472,65536,58391285,678721,0,235356100,5233295465218159,5233301420362954,5233301420411114,5233295558603304
230,_kernel_0d1d2d3d4d5d6d7c8d9c10d11c.kd,2,0,317,257775,257775,8388608,256,40960,0,116,20,32,64,0x0,0x7f91e3b88680,38223257,38223257,131696,305786064,131072,3920457209,305615116,0,15685303792,5233295465359834,5233301420411114,5233301443707737,5233295581961616
231,_kernel_0d1d2d3d4d5d6d7c8d9c10d11c.kd,2,0,319,257775,257775,1048576,128,61440,0,8,144,48,64,0x0,0x7f91e3b30680,58570669,58570669,749004,468565360,16384,3034520138,468471547,0,12138511152,5233295588343793,5233301450172209,5233301485581307,5233295623965022
232,"void elementwise_kernel<FillFunctor, Array >(int, FillFunctor<int>, Array<char*, 1>) ",2,0,322,257775,257775,16000000,256,0,0,4,4,16,64,0x0,0x7f91e3bd93c0,307615,307615,13766,2460928,250000,181902313,2348912,0,734429592,5233295623983777,5233301485680985,5233301485860665,5233295624379958
233,_kernel_0d1d2d3d4d5d6d7c8d9c10d11c.kd,2,0,323,257775,257775,1048576,128,61440,0,8,144,48,64,0x0,0x7f91e3b30680,58544629,58544629,751554,468357040,16384,3032997054,468227069,0,12132418608,5233295624261296,5233301485860665,5233301521255363,5233295659892143
234,"void elementwise_kernel<FillFunctor, Array >(int, FillFunctor<int>, Array<char*, 1>) ",2,0,324,257775,257775,16000000,256,0,0,4,4,16,64,0x0,0x7f91e3bd93c0,310737,310737,17266,2485904,250000,194726645,2339804,0,785709612,5233295624364189,5233301521255363,5233301521431363,5233295660040590
235,_kernel_0d1d2d3d4d5d6d7c8d9c10d11c.kd,2,0,325,257775,257775,1048576,128,61440,0,8,144,48,64,0x0,0x7f91e3b30680,58560864,58560864,751950,468486920,16384,3033724043,468351436,0,12135326688,5233295624512065,5233301521431360,5233301556836298,5233295695501118
236,"void elementwise_kernel<FillFunctor, Array >(int, FillFunctor<int>, Array<char*, 1>) ",2,0,326,257775,257775,16000000,256,0,0,4,4,16,64,0x0,0x7f91e3bd93c0,315948,315948,16264,2527592,250000,194359033,2385592,0,784238024,5233295624622712,5233301556836298,5233301557015336,5233295695714287
237,_kernel_0d1d2d3d4d5d6d7c8d9c10d11c.kd,2,0,327,257775,257775,1048576,128,61440,0,8,144,48,64,0x0,0x7f91e3b30680,58548581,58548581,752475,468388656,16384,3033137279,468249113,0,12132979440,5233295624761051,5233301557015336,5233301592404274,5233295731165187
238,"void elementwise_kernel<FillFunctor, Array >(int, FillFunctor<int>, Array<char*, 1>) ",2,0,328,257775,257775,16000000,256,0,0,4,4,16,64,0x0,0x7f91e3bd93c0,311896,311896,16066,2495176,250000,187031650,2354054,0,754943660,5233295624861008,5233301592404274,5233301592580434,5233295731379829
239,_kernel_0d1d2d3d4d5d6d7c8d9c10d11c.kd,2,0,329,257775,257775,1048576,128,61440,0,8,144,48,64,0x0,0x7f91e3b30680,58559662,58559662,753360,468477304,16384,3033639769,468338508,0,12134989344,5233295624995760,5233301592580366,5233301627976023,5233295766841719
240,"void elementwise_kernel<FillFunctor, Array >(int, FillFunctor<int>, Array<char*, 1>) ",2,0,330,257775,257775,16000000,256,0,0,4,4,16,64,0x0,0x7f91e3bd93c0,318571,318571,16174,2548576,250000,202003812,2412234,0,814827004,5233295625089615,5233301627976023,5233301628152021,5233295767055590
241,_kernel_0d1d2d3d4d5d6d7c8d9c10d11c.kd,2,0,331,257775,257775,1048576,128,61440,0,8,144,48,64,0x0,0x7f91e3b30680,58548325,58548325,752255,468386608,16384,3033112336,468247579,0,12132879984,5233295625223546,5233301628152021,5233301663548798,5233295802509235
242,_kernel_0d1d2d3d4d5d6d7c8d9c10d11c.kd,2,0,333,257775,257775,1048576,128,61440,0,8,144,48,64,0x0,0x7f91e3b30680,58534877,58534877,750920,468279024,16384,3032596705,468169458,0,12130817236,5233295802624861,5233301663654891,5233301699048150,5233295838266067
243,"void elementwise_kernel<FillFunctor, Array >(int, FillFunctor<int>, Array<char*, 1>) ",2,0,334,257775,257775,16000000,256,0,0,4,4,16,64,0x0,0x7f91e3bd93c0,315224,315224,16106,2521800,250000,199467805,2383963,0,804675844,5233295802790210,5233301699048150,5233301699227508,5233295838412120
244,_kernel_0d1d2d3d4d5d6d7c8d9c10d11c.kd,2,0,336,257775,257775,1048576,128,61440,0,8,144,48,64,0x0,0x7f91e3b30680,58555294,58555294,755174,468442360,16384,3033403839,468299144,0,12134045848,5233295802957643,5233301699240788,5233301734619487,5233295873877437
245,"void elementwise_kernel<FillFunctor, Array >(int, FillFunctor<int>, Array<char*, 1>) ",2,0,338,257775,257775,16000000,256,0,0,4,4,16,64,0x0,0x7f91e3bd93c0,324053,324053,18079,2592432,250000,201399212,2445716,0,812411088,5233295803080012,5233301734630527,5233301734808287,5233295874105854
246,_kernel_0d1d2d3d4d5d6d7c8d9c10d11c.kd,2,0,340,257775,257775,1048576,128,61440,0,8,144,48,64,0x0,0x7f91e3b30680,58559880,58559880,752977,468479048,16384,3033700531,468338509,0,12135232404,5233295803242426,5233301734820003,5233301770209577,5233295909563116
247,_kernel_0d1d2d3d4d5d6d7c8d9c10d11c.kd,2,0,342,257775,257775,1048576,128,36864,0,8,144,48,64,0x0,0x7f91e3b20680,58303934,58303934,744229,466431480,16384,3021330945,466336200,0,12085754788,5233295915759356,5233301776352611,5233301811594984,5233295951197664
248,"void elementwise_kernel<FillFunctor, Array >(int, FillFunctor<int>, Array<char*, 1>) ",2,0,345,257775,257775,16000000,256,0,0,4,4,16,64,0x0,0x7f91e3bd93c0,308641,308641,13910,2469136,250000,194363767,2353576,0,784266772,5233295951222680,5233301811685544,5233301811868424,5233295951660940
249,_kernel_0d1d2d3d4d5d6d7c8d9c10d11c.kd,2,0,346,257775,257775,1048576,128,36864,0,8,144,48,64,0x0,0x7f91e3b20680,58311584,58311584,749312,466492680,16384,3021389986,466353224,0,12085990556,5233295951550654,5233301811868815,5233301847097274,5233295987019016
250,"void elementwise_kernel<FillFunctor, Array >(int, FillFunctor<int>, Array<char*, 1>) ",2,0,347,257775,257775,16000000,256,0,0,4,4,16,64,0x0,0x7f91e3bd93c0,318564,318564,17491,2548520,250000,199284172,2403829,0,803935300,5233295951663805,5233301847097274,5233301847275032,5233295987167554
251,_kernel_0d1d2d3d4d5d6d7c8d9c10d11c.kd,2,0,348,257775,257775,1048576,128,36864,0,8,144,48,64,0x0,0x7f91e3b20680,58300704,58300704,749393,466405640,16384,3020869594,466262379,0,12083909536,5233295951908734,5233301847275032,5233301882502691,5233296022447184
252,"void elementwise_kernel<FillFunctor, Array >(int, FillFunctor<int>, Array<char*, 1>) ",2,0,349,257775,257775,16000000,256,0,0,4,4,16,64,0x0,0x7f91e3bd93c0,317094,317094,16446,2536760,250000,188800277,2395088,0,762005644,5233295952026013,5233301882502691,5233301882683651,5233296022664681
253,_kernel_0d1d2d3d4d5d6d7c8d9c10d11c.kd,2,0,350,257775,257775,1048576,128,36864,0,8,144,48,64,0x0,0x7f91e3b20680,58304020,58304020,748734,466432168,16384,3021012767,466291489,0,12084481928,5233295952182495,5233301882683275,5233301917910929,5233296057947386
254,"void elementwise_kernel<FillFunctor, Array >(int, FillFunctor<int>, Array<char*, 1>) ",2,0,351,257775,257775,16000000,256,0,0,4,4,16,64,0x0,0x7f91e3bd93c0,321646,321646,16488,2573176,250000,199785863,2433408,0,805954488,5233295952293393,5233301917910929,5233301918085487,5233296058164112
255,_kernel_0d1d2d3d4d5d6d7c8d9c10d11c.kd,2,0,352,257775,257775,1048576,128,36864,0,8,144,48,64,0x0,0x7f91e3b20680,58301576,58301576,749117,466412616,16384,3020889021,466276957,0,12083986932,5233295952447702,5233301918085487,5233301953309621,5233296093442699
256,"void elementwise_kernel<FillFunctor, Array >(int, FillFunctor<int>, Array<char*, 1>) ",2,0,353,257775,257775,16000000,256,0,0,4,4,16,64,0x0,0x7f91e3bd93c0,316219,316219,15791,2529760,250000,194100164,2388232,0,783204432,5233295952546046,5233301953309621,5233301953488021,5233296093659235
257,_kernel_0d1d2d3d4d5d6d7c8d9c10d11c.kd,2,0,354,257775,257775,1048576,128,36864,0,8,144,48,64,0x0,0x7f91e3b20680,58310167,58310167,749443,466481344,16384,3021385582,466342430,0,12085973232,5233295952682621,5233301953488154,5233301988716930,5233296128947000
258,_kernel_0d1d2d3d4d5d6d7c8d9c10d11c.kd,2,0,356,257775,257775,1048576,128,36864,0,8,144,48,64,0x0,0x7f91e3b20680,58294052,58294052,746301,466352424,16384,3020714957,466240029,0,12083291028,5233296129070380,5233301988821728,5233302024045544,5233296164529045
259,"void elementwise_kernel<FillFunctor, Array >(int, FillFunctor<int>, Array<char*, 1>) ",2,0,357,257775,257775,16000000,256,0,0,4,4,16,64,0x0,0x7f91e3bd93c0,317359,317359,16581,2538880,250000,195988719,2394925,0,790755960,5233296129224078,5233302024045544,5233302024222183,5233296164682872
260,_kernel_0d1d2d3d4d5d6d7c8d9c10d11c.kd,2,0,359,257775,257775,1048576,128,36864,0,8,144,48,64,0x0,0x7f91e3b20680,58296891,58296891,748799,466375136,16384,3020649436,466235520,0,12083029052,5233296129393435,5233302024235418,5233302059464993,5233296199973132
261,"void elementwise_kernel<FillFunctor, Array >(int, FillFunctor<int>, Array<char*, 1>) ",2,0,361,257775,257775,16000000,256,0,0,4,4,16,64,0x0,0x7f91e3bd93c0,312575,312575,16273,2500608,250000,196204811,2361975,0,791627920,5233296129516324,5233302059476031,5233302059653151,5233296200191340
262,_kernel_0d1d2d3d4d5d6d7c8d9c10d11c.kd,2,0,363,257775,257775,1048576,128,36864,0,8,144,48,64,0x0,0x7f91e3b20680,58300787,58300787,748697,466406304,16384,3020833897,466261683,0,12083766632,5233296129679620,5233302059665311,5233302094898246,5233296235479857
263,"void elementwise_kernel<FillFunctor, Array >(int, FillFunctor<float>, Array<char*, 1>) ",2,0,365,257775,257775,4194304,256,0,0,4,4,16,64,0x0,0x7f91e3bd98c0,90194,90194,13388,721560,65536,52554073,613606,0,211997412,5233296235685772,5233302095084646,5233302095130566,5233296235880276
264,_kernel_0d1d2d3d4d5d6d7c8d9c10d11c.kd,2,0,366,257775,257775,2097152,256,61440,0,128,16,48,64,0x0,0x7f91e4310680,37094129,37094129,479118,296753040,32768,3830989918,296552084,0,15324828792,5233296235891296,5233302095155526,5233302117745109,5233296258757457
