Index,KernelName,gpu-id,queue-id,queue-index,pid,tid,grd,wgr,lds,scr,arch_vgpr,accum_vgpr,sgpr,wave_size,sig,obj,DispatchNs,BeginNs,EndNs,CompleteNs
0,Cijk_Ailk_Bljk_SB_MT128x64x16_MI32x32x2x1_SN_1LDSB1_APM1_ABV0_ACED0_AF0EM1_AF1EM1_AMAS3_ASE_ASGT_ASLT_ASAE01_ASCE01_ASEM1_AAC0_BL1_BS1_DTL0_DTVA0_DVO0_ETSP_EPS0_FL0_GRPM1_GRVW4_GSU1_GSUASB_GLS0_ISA90a_IU1_K1_KLA_LBSPP128_LPA0_LPB4_LDL1_LRVW2_LWPMn1_LDW0_MAC_MIAV0_MDA2_MO40_NTA0_NTB0_NTC0_NTD0_NEPBS1_NLCA1_NLCB1_ONLL1_OPLV0_PK0_PAP0_PGR2_PLR9_RK0_SIA3_SS1_SU0_SUM0_SUS0_SCIUI1_SPO0_SRVW0_SSO0_SVW2_SNLL0_TT2_32_TLDS1_USFGROn1_VAW1_VSn1_VW2_WSGRA1_WSGRB1_WS64_WG64_4_1_WGM5.kd,2,0,0,258074,258074,524288,256,12800,0,64,32,80,64,0x0,0x7f81fb331640,5233299333473176,5233299333503305,5233299336915299,5233299336995404
1,"simt_gemm_hidet_kernelv2(float const*, float const*, float*, int, int, int) ",2,0,1,258074,258074,180224,256,10240,0,80,128,48,64,0x0,0x7f81fc131840,5233299334589584,5233299336915299,5233299344173845,5233299344264270
2,"void kernel_gemm_xdl_cshuffle_v1<GridwiseGemm_k0mk1_k0nk1_mn_xdl_cshuffle_v1, true>(GridwiseGemm_k0mk1_k0nk1_mn_xdl_cshuffle_v1<RowMajor, RowMajor, RowMajor, float, float, float, float, float, PassThrough, PassThrough, PassThrough, (GemmSpecialization)0, (InMemoryDataOperationEnum)0, 1, 256, 128, 128, 16, 4, 1, 32, 32, 2, 2, Sequence, Sequence, Sequence, 2, 4, 4, false, 1, Sequence, Sequence, Sequence, 1, 4, 1, false, 0, 1, 1, Sequence, 4, (LoopScheduler)0, (PipelineVersion)0, float, Argument) ",2,0,2,258074,258074,262144,256,16896,0,104,0,32,64,0x0,0x7f81fbfd5040,5233299336451106,5233299344173845,5233299347665358,5233299347763636
3,_ZN2ck19kernel_gemm_dl_v1r3INS_28GridwiseGemmDl_km_kn_mn_v1r3ILi256EfffLNS_25InMemoryDataOperationEnumE0ENS_16TensorDescriptorINS_5TupleIJNS_5EmbedINS4_IJiiEEENS4_IJiNS_17integral_constantIiLi1EEEEEELb0EEENS_7UnMergeIS9_Lb0EEENS_11PassThroughIiEEEEENS4_IJNS_8SequenceIJLi0EEEENSG_IJLi2EEEENSG_IJLi1EEEEEEENS4_IJNSG_IJLi1ELi2EEEENSG_IJLi3ELi4EEEENSG_IJLi5EEEEEEENSG_IJLi3ELi5ELi4EEEElEENS3_ISF_NS4_IJSH_SJ_SI_EEESO_SP_lEENS3_INS4_IJSA_SE_SE_EEESR_NS4_IJSL_NSG_IJLi3EEEENSG_IJLi4EEEEEEESM_lEELi128ELi128ELi16ELi1ELi4ELi4ELi1ENSG_IJLi8ELi2EEEESY_NSG_IJLi8ELi1ELi1ELi1EEEENSG_IJLi2ELi1ELi128ELi1EEEENSG_IJLi1ELi2ELi0ELi3EEEES11_NSG_IJLi4ELi1ELi1ELi1EEEES11_NSG_IJLi1ELi1ELi1ELi1EEEENSG_IJLi2ELi1ELi4ELi1EEEENSG_IJLi8ELi1ELi32ELi1EEEENSG_IJLi0ELi3ELi1ELi2EEEES16_NSG_IJLi1ELi1ELi4ELi1EEEES16_S17_NSG_IJLi0ELi1ELi2ELi3ELi4ELi5EEEELi5ELi4EEEffNS3_INS4_IJSA_SC_SE_SE_NSB_INS4_IJiNS7_IiLi128EEEEEELb0EEENSD_IS8_EEEEENS4_IJSH_SI_SJ_SU_SN_SV_EEENS4_IJSL_SM_SN_NSG_IJLi6EEEENSG_IJLi7ELi8EEEENSG_IJLi9EEEEEEENSG_IJLi6ELi7ELi8ELi9EEEElEENS3_IS1E_NS4_IJSH_SJ_SI_SU_SN_SV_EEES1J_S1K_lEENS3_INS4_IJSA_SE_SE_NSB_INS4_IJiNS7_IiLi2EEENS7_IiLi64EEEEEELb0EEES1R_EEENS4_IJSH_SJ_SI_SU_SV_EEENS4_IJSL_SU_SV_NSG_IJLi5ELi6ELi7EEEENSG_IJLi8ELi9ELi10EEEEEEENSG_IJLi5ELi6ELi7ELi8ELi9ELi10EEEElEENS_31BlockToCTileMap_M00_N00_M01_N01ILi128ELi128ESX_Lb0EEELb1ELb1EEEvPKT0_S23_PT1_T2_T3_T4_T5_.kd,2,0,3,258074,258074,262144,256,32768,0,120,0,48,64,0x0,0x7f81fbf663c0,5233299337299302,5233299347665358,5233299354991425,5233299355080131
4,"mfma_f32_16x16x4f32_gemm_kernel(float const*, float const*, float*, int, int, int) ",2,0,4,258074,258074,524288,256,6144,0,60,4,32,64,0x0,0x7f81fc128d40,5233299338199276,5233299354991425,5233299360573175,5233299360661431
5,_kernel_0d1d2d3d4d5d6d7c8d9c10d11c.kd,2,0,5,258074,258074,1048576,256,61440,0,128,16,48,64,0x0,0x7f81fbff8680,5233299349706600,5233299360573175,5233299383293135,5233299383383482
6,"void elementwise_kernel<FillFunctor, Array >(int, FillFunctor<int>, Array<char*, 1>) ",2,0,8,258074,258074,16000000,256,0,0,4,4,16,64,0x0,0x7f81fb7d93c0,5233299386333580,5233299386347689,5233299386527689,5233299386530889
7,_kernel_0d1d2d3d4d5d6d7c8d9c10d11c.kd,2,0,9,258074,258074,1048576,256,61440,0,128,16,48,64,0x0,0x7f81fbff8680,5233299386427766,5233299386527772,5233299409251897,5233299409349220
8,"void elementwise_kernel<FillFunctor, Array >(int, FillFunctor<int>, Array<char*, 1>) ",2,0,10,258074,258074,16000000,256,0,0,4,4,16,64,0x0,0x7f81fb7d93c0,5233299386447493,5233299409251897,5233299409432055,5233299409433768
9,_kernel_0d1d2d3d4d5d6d7c8d9c10d11c.kd,2,0,11,258074,258074,1048576,256,61440,0,128,16,48,64,0x0,0x7f81fbff8680,5233299386502446,5233299409432055,5233299432128180,5233299432129871
10,"void elementwise_kernel<FillFunctor, Array >(int, FillFunctor<int>, Array<char*, 1>) ",2,0,12,258074,258074,16000000,256,0,0,4,4,16,64,0x0,0x7f81fb7d93c0,5233299386513306,5233299432128180,5233299432304500,5233299432305660
11,_kernel_0d1d2d3d4d5d6d7c8d9c10d11c.kd,2,0,13,258074,258074,1048576,256,61440,0,128,16,48,64,0x0,0x7f81fbff8680,5233299386564562,5233299432304500,5233299455006385,5233299455007884
12,"void elementwise_kernel<FillFunctor, Array >(int, FillFunctor<int>, Array<char*, 1>) ",2,0,14,258074,258074,16000000,256,0,0,4,4,16,64,0x0,0x7f81fb7d93c0,5233299386576855,5233299455006385,5233299455183505,5233299455184774
13,_kernel_0d1d2d3d4d5d6d7c8d9c10d11c.kd,2,0,15,258074,258074,1048576,256,61440,0,128,16,48,64,0x0,0x7f81fbff8680,5233299386626197,5233299455183506,5233299477888431,5233299477893400
14,"void elementwise_kernel<FillFunctor, Array >(int, FillFunctor<int>, Array<char*, 1>) ",2,0,16,258074,258074,16000000,256,0,0,4,4,16,64,0x0,0x7f81fb7d93c0,5233299386637178,5233299477888431,5233299478065549,5233299478066845
15,_kernel_0d1d2d3d4d5d6d7c8d9c10d11c.kd,2,0,17,258074,258074,1048576,256,61440,0,128,16,48,64,0x0,0x7f81fbff8680,5233299386682382,5233299478065549,5233299500772714,5233299500774208
16,_kernel_0d1d2d3d4d5d6d7c8d9c10d11c.kd,2,0,19,258074,258074,1048576,256,61440,0,128,16,48,64,0x0,0x7f81fbff8680,5233299500867573,5233299500881194,5233299523596999,5233299523664835
17,"void elementwise_kernel<FillFunctor, Array >(int, FillFunctor<int>, Array<char*, 1>) ",2,0,20,258074,258074,16000000,256,0,0,4,4,16,64,0x0,0x7f81fb7d93c0,5233299500886999,5233299523596999,5233299523771719,5233299523773929
18,_kernel_0d1d2d3d4d5d6d7c8d9c10d11c.kd,2,0,22,258074,258074,1048576,256,61440,0,128,16,48,64,0x0,0x7f81fbff8680,5233299500959756,5233299523785124,5233299546488936,5233299546493836
19,"void elementwise_kernel<FillFunctor, Array >(int, FillFunctor<int>, Array<char*, 1>) ",2,0,24,258074,258074,16000000,256,0,0,4,4,16,64,0x0,0x7f81fb7d93c0,5233299500989761,5233299546499974,5233299546679814,5233299546681286
20,_kernel_0d1d2d3d4d5d6d7c8d9c10d11c.kd,2,0,26,258074,258074,1048576,256,61440,0,128,16,48,64,0x0,0x7f81fbff8680,5233299501053411,5233299546691974,5233299569394825,5233299569396495
21,"void elementwise_kernel<FillFunctor, Array >(int, FillFunctor<int>, Array<char*, 1>) ",2,0,28,258074,258074,16000000,256,0,0,4,4,16,64,0x0,0x7f81fb7d93c0,5233299501084479,5233299569405705,5233299569586345,5233299569587622
22,_kernel_0d1d2d3d4d5d6d7c8d9c10d11c.kd,2,0,30,258074,258074,1048576,256,61440,0,128,16,48,64,0x0,0x7f81fbff8680,5233299501150232,5233299569598345,5233299592312876,5233299592314312
23,"void elementwise_kernel<FillFunctor, Array >(int, FillFunctor<int>, Array<char*, 1>) ",2,0,32,258074,258074,16000000,256,0,0,4,4,16,64,0x0,0x7f81fb7d93c0,5233299501178104,5233299592323756,5233299592497676,5233299592498967
24,_kernel_0d1d2d3d4d5d6d7c8d9c10d11c.kd,2,0,34,258074,258074,1048576,256,61440,0,128,16,48,64,0x0,0x7f81fbff8680,5233299501240250,5233299592509401,5233299615215928,5233299615220618
25,_kernel_0d1d2d3d4d5d6d7c8d9c10d11c.kd,2,0,36,258074,258074,1048576,256,40960,0,112,16,32,64,0x0,0x7f81fbf78680,5233299623254986,5233299623270154,5233299646094760,5233299646161572
26,"void elementwise_kernel<FillFunctor, Array >(int, FillFunctor<int>, Array<char*, 1>) ",2,0,39,258074,258074,16000000,256,0,0,4,4,16,64,0x0,0x7f81fb7d93c0,5233299646163145,5233299646190920,5233299646366760,5233299646369020
27,_kernel_0d1d2d3d4d5d6d7c8d9c10d11c.kd,2,0,40,258074,258074,1048576,256,40960,0,112,16,32,64,0x0,0x7f81fbf78680,5233299646249096,5233299646366760,5233299669201926,5233299669267100
28,"void elementwise_kernel<FillFunctor, Array >(int, FillFunctor<int>, Array<char*, 1>) ",2,0,41,258074,258074,16000000,256,0,0,4,4,16,64,0x0,0x7f81fb7d93c0,5233299646267059,5233299669201926,5233299669378406,5233299669380352
29,_kernel_0d1d2d3d4d5d6d7c8d9c10d11c.kd,2,0,42,258074,258074,1048576,256,40960,0,112,16,32,64,0x0,0x7f81fbf78680,5233299646320209,5233299669378548,5233299692213240,5233299692218230
30,"void elementwise_kernel<FillFunctor, Array >(int, FillFunctor<int>, Array<char*, 1>) ",2,0,43,258074,258074,16000000,256,0,0,4,4,16,64,0x0,0x7f81fb7d93c0,5233299646331500,5233299692213240,5233299692390038,5233299692391484
31,_kernel_0d1d2d3d4d5d6d7c8d9c10d11c.kd,2,0,44,258074,258074,1048576,256,40960,0,112,16,32,64,0x0,0x7f81fbf78680,5233299646387875,5233299692390038,5233299715232570,5233299715234121
32,"void elementwise_kernel<FillFunctor, Array >(int, FillFunctor<int>, Array<char*, 1>) ",2,0,45,258074,258074,16000000,256,0,0,4,4,16,64,0x0,0x7f81fb7d93c0,5233299646400479,5233299715232570,5233299715407609,5233299715408898
33,_kernel_0d1d2d3d4d5d6d7c8d9c10d11c.kd,2,0,46,258074,258074,1048576,256,40960,0,112,16,32,64,0x0,0x7f81fbf78680,5233299646449370,5233299715407609,5233299738231581,5233299738233341
34,"void elementwise_kernel<FillFunctor, Array >(int, FillFunctor<int>, Array<char*, 1>) ",2,0,47,258074,258074,16000000,256,0,0,4,4,16,64,0x0,0x7f81fb7d93c0,5233299646459940,5233299738231581,5233299738406780,5233299738408138
35,_kernel_0d1d2d3d4d5d6d7c8d9c10d11c.kd,2,0,48,258074,258074,1048576,256,40960,0,112,16,32,64,0x0,0x7f81fbf78680,5233299646504734,5233299738406752,5233299761234723,5233299761239253
36,_kernel_0d1d2d3d4d5d6d7c8d9c10d11c.kd,2,0,50,258074,258074,1048576,256,40960,0,112,16,32,64,0x0,0x7f81fbf78680,5233299761320876,5233299761336481,5233299784171172,5233299784235777
37,"void elementwise_kernel<FillFunctor, Array >(int, FillFunctor<int>, Array<char*, 1>) ",2,0,51,258074,258074,16000000,256,0,0,4,4,16,64,0x0,0x7f81fb7d93c0,5233299761341514,5233299784171172,5233299784347331,5233299784349550
38,_kernel_0d1d2d3d4d5d6d7c8d9c10d11c.kd,2,0,53,258074,258074,1048576,256,40960,0,112,16,32,64,0x0,0x7f81fbf78680,5233299761413789,5233299784360611,5233299807175142,5233299807176908
39,"void elementwise_kernel<FillFunctor, Array >(int, FillFunctor<int>, Array<char*, 1>) ",2,0,55,258074,258074,16000000,256,0,0,4,4,16,64,0x0,0x7f81fb7d93c0,5233299761443214,5233299807186022,5233299807363621,5233299807365220
40,_kernel_0d1d2d3d4d5d6d7c8d9c10d11c.kd,2,0,57,258074,258074,1048576,256,40960,0,112,16,32,64,0x0,0x7f81fbf78680,5233299761505771,5233299807376112,5233299830208568,5233299830213397
41,"void elementwise_kernel<FillFunctor, Array >(int, FillFunctor<int>, Array<char*, 1>) ",2,0,59,258074,258074,16000000,256,0,0,4,4,16,64,0x0,0x7f81fb7d93c0,5233299761534515,5233299830219606,5233299830396726,5233299830398003
42,_kernel_0d1d2d3d4d5d6d7c8d9c10d11c.kd,2,0,61,258074,258074,1048576,256,40960,0,112,16,32,64,0x0,0x7f81fbf78680,5233299761598024,5233299830408886,5233299853232062,5233299853233606
43,"void elementwise_kernel<FillFunctor, Array >(int, FillFunctor<int>, Array<char*, 1>) ",2,0,63,258074,258074,16000000,256,0,0,4,4,16,64,0x0,0x7f81fb7d93c0,5233299761626988,5233299853242782,5233299853418942,5233299853420155
44,_kernel_0d1d2d3d4d5d6d7c8d9c10d11c.kd,2,0,65,258074,258074,1048576,256,40960,0,112,16,32,64,0x0,0x7f81fbf78680,5233299761689405,5233299853430942,5233299876258757,5233299876260157
45,"void elementwise_kernel<FillFunctor, Array >(int, FillFunctor<float>, Array<char*, 1>) ",2,0,67,258074,258074,4194304,256,0,0,4,4,16,64,0x0,0x7f81fb7d98c0,5233299876446124,5233299876462917,5233299876511557,5233299876512809
46,_kernel_0d1d2d3d4d5d6d7c8d9c10d11c.kd,2,0,68,258074,258074,2097152,256,61440,0,128,16,48,64,0x0,0x7f81fbf38680,5233299882430558,5233299882445318,5233299905041143,5233299905111973
47,"void elementwise_kernel<FillFunctor, Array >(int, FillFunctor<int>, Array<char*, 1>) ",2,0,71,258074,258074,16000000,256,0,0,4,4,16,64,0x0,0x7f81fb7d93c0,5233299905108868,5233299905118261,5233299905303701,5233299905304834
48,"void elementwise_kernel<FillFunctor, Array >(int, FillFunctor<float>, Array<char*, 1>) ",2,0,72,258074,258074,4194304,256,0,0,4,4,16,64,0x0,0x7f81fb7d98c0,5233299905120690,5233299905303701,5233299905355861,5233299905356921
49,_kernel_0d1d2d3d4d5d6d7c8d9c10d11c.kd,2,0,73,258074,258074,2097152,256,61440,0,128,16,48,64,0x0,0x7f81fbf38680,5233299905197453,5233299905355861,5233299927952006,5233299928018189
50,"void elementwise_kernel<FillFunctor, Array >(int, FillFunctor<int>, Array<char*, 1>) ",2,0,74,258074,258074,16000000,256,0,0,4,4,16,64,0x0,0x7f81fb7d93c0,5233299905215256,5233299927952006,5233299928132486,5233299928133885
51,"void elementwise_kernel<FillFunctor, Array >(int, FillFunctor<float>, Array<char*, 1>) ",2,0,75,258074,258074,4194304,256,0,0,4,4,16,64,0x0,0x7f81fb7d98c0,5233299905225446,5233299928132486,5233299928184486,5233299928185802
52,_kernel_0d1d2d3d4d5d6d7c8d9c10d11c.kd,2,0,76,258074,258074,2097152,256,61440,0,128,16,48,64,0x0,0x7f81fbf38680,5233299905277012,5233299928184486,5233299950762710,5233299950764004
53,"void elementwise_kernel<FillFunctor, Array >(int, FillFunctor<int>, Array<char*, 1>) ",2,0,77,258074,258074,16000000,256,0,0,4,4,16,64,0x0,0x7f81fb7d93c0,5233299905288594,5233299950762710,5233299950939350,5233299950940524
54,"void elementwise_kernel<FillFunctor, Array >(int, FillFunctor<float>, Array<char*, 1>) ",2,0,78,258074,258074,4194304,256,0,0,4,4,16,64,0x0,0x7f81fb7d98c0,5233299905297851,5233299950939350,5233299950987510,5233299950988565
55,_kernel_0d1d2d3d4d5d6d7c8d9c10d11c.kd,2,0,79,258074,258074,2097152,256,61440,0,128,16,48,64,0x0,0x7f81fbf38680,5233299905346261,5233299950987096,5233299973562751,5233299973569021
56,"void elementwise_kernel<FillFunctor, Array >(int, FillFunctor<int>, Array<char*, 1>) ",2,0,80,258074,258074,16000000,256,0,0,4,4,16,64,0x0,0x7f81fb7d93c0,5233299905358364,5233299973562751,5233299973738909,5233299973740311
57,"void elementwise_kernel<FillFunctor, Array >(int, FillFunctor<float>, Array<char*, 1>) ",2,0,81,258074,258074,4194304,256,0,0,4,4,16,64,0x0,0x7f81fb7d98c0,5233299905382099,5233299973738909,5233299973790109,5233299973791467
58,_kernel_0d1d2d3d4d5d6d7c8d9c10d11c.kd,2,0,82,258074,258074,2097152,256,61440,0,128,16,48,64,0x0,0x7f81fbf38680,5233299905434246,5233299973790109,5233299996374243,5233299996375820
59,"void elementwise_kernel<FillFunctor, Array >(int, FillFunctor<int>, Array<char*, 1>) ",2,0,83,258074,258074,16000000,256,0,0,4,4,16,64,0x0,0x7f81fb7d93c0,5233299905446920,5233299996374243,5233299996552323,5233299996553783
60,"void elementwise_kernel<FillFunctor, Array >(int, FillFunctor<float>, Array<char*, 1>) ",2,0,84,258074,258074,4194304,256,0,0,4,4,16,64,0x0,0x7f81fb7d98c0,5233299905456868,5233299996552323,5233299996600643,5233299996602013
61,_kernel_0d1d2d3d4d5d6d7c8d9c10d11c.kd,2,0,85,258074,258074,2097152,256,61440,0,128,16,48,64,0x0,0x7f81fbf38680,5233299905505740,5233299996600643,5233300019179177,5233300019180776
62,"void elementwise_kernel<FillFunctor, Array >(int, FillFunctor<float>, Array<char*, 1>) ",2,0,87,258074,258074,4194304,256,0,0,4,4,16,64,0x0,0x7f81fb7d98c0,5233300019227373,5233300019241417,5233300019288297,5233300019289700
63,_kernel_0d1d2d3d4d5d6d7c8d9c10d11c.kd,2,0,88,258074,258074,2097152,256,61440,0,128,16,48,64,0x0,0x7f81fbf38680,5233300019293517,5233300019312746,5233300041894644,5233300041965645
64,"void elementwise_kernel<FillFunctor, Array >(int, FillFunctor<int>, Array<char*, 1>) ",2,0,89,258074,258074,16000000,256,0,0,4,4,16,64,0x0,0x7f81fb7d93c0,5233300019316430,5233300041894644,5233300042070642,5233300042072745
65,"void elementwise_kernel<FillFunctor, Array >(int, FillFunctor<float>, Array<char*, 1>) ",2,0,91,258074,258074,4194304,256,0,0,4,4,16,64,0x0,0x7f81fb7d98c0,5233300019350564,5233300042083922,5233300042132402,5233300042134791
66,_kernel_0d1d2d3d4d5d6d7c8d9c10d11c.kd,2,0,92,258074,258074,2097152,256,61440,0,128,16,48,64,0x0,0x7f81fbf38680,5233300019403503,5233300042132402,5233300064708859,5233300064710348
67,"void elementwise_kernel<FillFunctor, Array >(int, FillFunctor<int>, Array<char*, 1>) ",2,0,94,258074,258074,16000000,256,0,0,4,4,16,64,0x0,0x7f81fb7d93c0,5233300019434711,5233300064720219,5233300064897979,5233300064899242
68,"void elementwise_kernel<FillFunctor, Array >(int, FillFunctor<float>, Array<char*, 1>) ",2,0,96,258074,258074,4194304,256,0,0,4,4,16,64,0x0,0x7f81fb7d98c0,5233300019460820,5233300064909979,5233300064957499,5233300064958873
69,_kernel_0d1d2d3d4d5d6d7c8d9c10d11c.kd,2,0,97,258074,258074,2097152,256,61440,0,128,16,48,64,0x0,0x7f81fbf38680,5233300019511675,5233300064957499,5233300087537476,5233300087538969
70,"void elementwise_kernel<FillFunctor, Array >(int, FillFunctor<int>, Array<char*, 1>) ",2,0,99,258074,258074,16000000,256,0,0,4,4,16,64,0x0,0x7f81fb7d93c0,5233300019541631,5233300087548836,5233300087724356,5233300087725608
71,"void elementwise_kernel<FillFunctor, Array >(int, FillFunctor<float>, Array<char*, 1>) ",2,0,101,258074,258074,4194304,256,0,0,4,4,16,64,0x0,0x7f81fb7d98c0,5233300019566608,5233300087736516,5233300087782596,5233300087784909
72,_kernel_0d1d2d3d4d5d6d7c8d9c10d11c.kd,2,0,102,258074,258074,2097152,256,61440,0,128,16,48,64,0x0,0x7f81fbf38680,5233300019616572,5233300087782583,5233300110373920,5233300110378760
73,"void elementwise_kernel<FillFunctor, Array >(int, FillFunctor<int>, Array<char*, 1>) ",2,0,104,258074,258074,16000000,256,0,0,4,4,16,64,0x0,0x7f81fb7d93c0,5233300019645556,5233300110385278,5233300110563038,5233300110564337
74,"void elementwise_kernel<FillFunctor, Array >(int, FillFunctor<float>, Array<char*, 1>) ",2,0,106,258074,258074,4194304,256,0,0,4,4,16,64,0x0,0x7f81fb7d98c0,5233300019671164,5233300110575038,5233300110623518,5233300110624820
75,_kernel_0d1d2d3d4d5d6d7c8d9c10d11c.kd,2,0,107,258074,258074,2097152,256,61440,0,128,16,48,64,0x0,0x7f81fbf38680,5233300019720255,5233300110623518,5233300133213415,5233300133214905
76,"void elementwise_kernel<FillFunctor, Array >(int, FillFunctor<float>, Array<char*, 1>) ",2,0,109,258074,258074,4194304,256,0,0,4,4,16,64,0x0,0x7f81fb7d98c0,5233300133391656,5233300133409735,5233300133456775,5233300133458180
77,_kernel_0d1d2d3d4d5d6d7c8d9c10d11c.kd,2,0,110,258074,258074,2097152,256,40960,0,116,20,32,64,0x0,0x7f81fbf28680,5233300139143745,5233300139158529,5233300161881546,5233300161944122
78,"void elementwise_kernel<FillFunctor, Array >(int, FillFunctor<int>, Array<char*, 1>) ",2,0,113,258074,258074,16000000,256,0,0,4,4,16,64,0x0,0x7f81fb7d93c0,5233300161947609,5233300161967786,5233300162144585,5233300162146321
79,"void elementwise_kernel<FillFunctor, Array >(int, FillFunctor<float>, Array<char*, 1>) ",2,0,114,258074,258074,4194304,256,0,0,4,4,16,64,0x0,0x7f81fb7d98c0,5233300161969520,5233300162144585,5233300162193065,5233300162194521
80,_kernel_0d1d2d3d4d5d6d7c8d9c10d11c.kd,2,0,115,258074,258074,2097152,256,40960,0,116,20,32,64,0x0,0x7f81fbf28680,5233300162038589,5233300162193185,5233300184906445,5233300184977105
81,"void elementwise_kernel<FillFunctor, Array >(int, FillFunctor<int>, Array<char*, 1>) ",2,0,116,258074,258074,16000000,256,0,0,4,4,16,64,0x0,0x7f81fb7d93c0,5233300162052034,5233300184906445,5233300185084843,5233300185087001
82,"void elementwise_kernel<FillFunctor, Array >(int, FillFunctor<float>, Array<char*, 1>) ",2,0,117,258074,258074,4194304,256,0,0,4,4,16,64,0x0,0x7f81fb7d98c0,5233300162062684,5233300185084843,5233300185136043,5233300185137846
83,_kernel_0d1d2d3d4d5d6d7c8d9c10d11c.kd,2,0,118,258074,258074,2097152,256,40960,0,116,20,32,64,0x0,0x7f81fbf28680,5233300162127115,5233300185136043,5233300207872342,5233300207874083
84,"void elementwise_kernel<FillFunctor, Array >(int, FillFunctor<int>, Array<char*, 1>) ",2,0,119,258074,258074,16000000,256,0,0,4,4,16,64,0x0,0x7f81fb7d93c0,5233300162139468,5233300207872342,5233300208050102,5233300208051645
85,"void elementwise_kernel<FillFunctor, Array >(int, FillFunctor<float>, Array<char*, 1>) ",2,0,120,258074,258074,4194304,256,0,0,4,4,16,64,0x0,0x7f81fb7d98c0,5233300162148595,5233300208050102,5233300208098262,5233300208099715
86,_kernel_0d1d2d3d4d5d6d7c8d9c10d11c.kd,2,0,121,258074,258074,2097152,256,40960,0,116,20,32,64,0x0,0x7f81fbf28680,5233300162210892,5233300208098262,5233300230832001,5233300230833619
87,"void elementwise_kernel<FillFunctor, Array >(int, FillFunctor<int>, Array<char*, 1>) ",2,0,122,258074,258074,16000000,256,0,0,4,4,16,64,0x0,0x7f81fb7d93c0,5233300162224056,5233300230832001,5233300231008161,5233300231009598
88,"void elementwise_kernel<FillFunctor, Array >(int, FillFunctor<float>, Array<char*, 1>) ",2,0,123,258074,258074,4194304,256,0,0,4,4,16,64,0x0,0x7f81fb7d98c0,5233300162233153,5233300231008161,5233300231056961,5233300231058379
89,_kernel_0d1d2d3d4d5d6d7c8d9c10d11c.kd,2,0,124,258074,258074,2097152,256,40960,0,116,20,32,64,0x0,0x7f81fbf28680,5233300162280091,5233300231057079,5233300253786821,5233300253791661
90,"void elementwise_kernel<FillFunctor, Array >(int, FillFunctor<int>, Array<char*, 1>) ",2,0,125,258074,258074,16000000,256,0,0,4,4,16,64,0x0,0x7f81fb7d93c0,5233300162290561,5233300253786821,5233300253964579,5233300253965967
91,"void elementwise_kernel<FillFunctor, Array >(int, FillFunctor<float>, Array<char*, 1>) ",2,0,126,258074,258074,4194304,256,0,0,4,4,16,64,0x0,0x7f81fb7d98c0,5233300162298335,5233300253964579,5233300254012099,5233300254013376
92,_kernel_0d1d2d3d4d5d6d7c8d9c10d11c.kd,2,0,127,258074,258074,2097152,256,40960,0,116,20,32,64,0x0,0x7f81fbf28680,5233300162343269,5233300254012099,5233300276730481,5233300276732111
93,"void elementwise_kernel<FillFunctor, Array >(int, FillFunctor<float>, Array<char*, 1>) ",2,0,129,258074,258074,4194304,256,0,0,4,4,16,64,0x0,0x7f81fb7d98c0,5233300276776063,5233300276791601,5233300276839281,5233300276840544
94,_kernel_0d1d2d3d4d5d6d7c8d9c10d11c.kd,2,0,130,258074,258074,2097152,256,40960,0,116,20,32,64,0x0,0x7f81fbf28680,5233300276842076,5233300276860561,5233300299578782,5233300299643216
95,"void elementwise_kernel<FillFunctor, Array >(int, FillFunctor<int>, Array<char*, 1>) ",2,0,131,258074,258074,16000000,256,0,0,4,4,16,64,0x0,0x7f81fb7d93c0,5233300276863356,5233300299578782,5233300299755742,5233300299757830
96,"void elementwise_kernel<FillFunctor, Array >(int, FillFunctor<float>, Array<char*, 1>) ",2,0,133,258074,258074,4194304,256,0,0,4,4,16,64,0x0,0x7f81fb7d98c0,5233300276899424,5233300299769182,5233300299816542,5233300299819255
97,_kernel_0d1d2d3d4d5d6d7c8d9c10d11c.kd,2,0,134,258074,258074,2097152,256,40960,0,116,20,32,64,0x0,0x7f81fbf28680,5233300276952533,5233300299816554,5233300322536376,5233300322541366
98,"void elementwise_kernel<FillFunctor, Array >(int, FillFunctor<int>, Array<char*, 1>) ",2,0,136,258074,258074,16000000,256,0,0,4,4,16,64,0x0,0x7f81fb7d93c0,5233300276982589,5233300322547894,5233300322730934,5233300322732393
99,"void elementwise_kernel<FillFunctor, Array >(int, FillFunctor<float>, Array<char*, 1>) ",2,0,138,258074,258074,4194304,256,0,0,4,4,16,64,0x0,0x7f81fb7d98c0,5233300277009169,5233300322742934,5233300322790614,5233300322791944
100,_kernel_0d1d2d3d4d5d6d7c8d9c10d11c.kd,2,0,139,258074,258074,2097152,256,40960,0,116,20,32,64,0x0,0x7f81fbf28680,5233300277060304,5233300322790614,5233300345509636,5233300345511220
101,"void elementwise_kernel<FillFunctor, Array >(int, FillFunctor<int>, Array<char*, 1>) ",2,0,141,258074,258074,16000000,256,0,0,4,4,16,64,0x0,0x7f81fb7d93c0,5233300277089048,5233300345521156,5233300345694916,5233300345696006
102,"void elementwise_kernel<FillFunctor, Array >(int, FillFunctor<float>, Array<char*, 1>) ",2,0,143,258074,258074,4194304,256,0,0,4,4,16,64,0x0,0x7f81fb7d98c0,5233300277114757,5233300345706916,5233300345753156,5233300345754616
103,_kernel_0d1d2d3d4d5d6d7c8d9c10d11c.kd,2,0,144,258074,258074,2097152,256,40960,0,116,20,32,64,0x0,0x7f81fbf28680,5233300277164780,5233300345753156,5233300368475857,5233300368477478
104,"void elementwise_kernel<FillFunctor, Array >(int, FillFunctor<int>, Array<char*, 1>) ",2,0,146,258074,258074,16000000,256,0,0,4,4,16,64,0x0,0x7f81fb7d93c0,5233300277193233,5233300368487377,5233300368661777,5233300368663206
105,"void elementwise_kernel<FillFunctor, Array >(int, FillFunctor<float>, Array<char*, 1>) ",2,0,148,258074,258074,4194304,256,0,0,4,4,16,64,0x0,0x7f81fb7d98c0,5233300277217839,5233300368674097,5233300368722257,5233300368724110
106,_kernel_0d1d2d3d4d5d6d7c8d9c10d11c.kd,2,0,149,258074,258074,2097152,256,40960,0,116,20,32,64,0x0,0x7f81fbf28680,5233300277266691,5233300368722473,5233300391440379,5233300391445469
107,"void elementwise_kernel<FillFunctor, Array >(int, FillFunctor<float>, Array<char*, 1>) ",2,0,151,258074,258074,4194304,256,0,0,4,4,16,64,0x0,0x7f81fb7d98c0,5233300391613303,5233300391630937,5233300391679417,5233300391680489
108,_kernel_0d1d2d3d4d5d6d7c8d9c10d11c.kd,2,0,152,258074,258074,4194304,256,61440,0,128,16,48,64,0x0,0x7f81fbf18680,5233300397546421,5233300397562134,5233300420524839,5233300420589933
109,"void elementwise_kernel<FillFunctor, Array >(int, FillFunctor<int>, Array<char*, 1>) ",2,0,155,258074,258074,16000000,256,0,0,4,4,16,64,0x0,0x7f81fb7d93c0,5233300420592578,5233300420618759,5233300420797319,5233300420798854
110,"void elementwise_kernel<FillFunctor, Array >(int, FillFunctor<float>, Array<char*, 1>) ",2,0,156,258074,258074,4194304,256,0,0,4,4,16,64,0x0,0x7f81fb7d98c0,5233300420619499,5233300420797319,5233300420847399,5233300420849018
111,_kernel_0d1d2d3d4d5d6d7c8d9c10d11c.kd,2,0,157,258074,258074,4194304,256,61440,0,128,16,48,64,0x0,0x7f81fbf18680,5233300420689319,5233300420847399,5233300443794424,5233300443868526
112,"void elementwise_kernel<FillFunctor, Array >(int, FillFunctor<int>, Array<char*, 1>) ",2,0,158,258074,258074,16000000,256,0,0,4,4,16,64,0x0,0x7f81fb7d93c0,5233300420702895,5233300443794424,5233300443974104,5233300443975956
113,"void elementwise_kernel<FillFunctor, Array >(int, FillFunctor<float>, Array<char*, 1>) ",2,0,159,258074,258074,4194304,256,0,0,4,4,16,64,0x0,0x7f81fb7d98c0,5233300420713545,5233300443974104,5233300444024664,5233300444026351
114,_kernel_0d1d2d3d4d5d6d7c8d9c10d11c.kd,2,0,160,258074,258074,4194304,256,61440,0,128,16,48,64,0x0,0x7f81fbf18680,5233300420764730,5233300444024520,5233300466973943,5233300466978943
115,"void elementwise_kernel<FillFunctor, Array >(int, FillFunctor<int>, Array<char*, 1>) ",2,0,161,258074,258074,16000000,256,0,0,4,4,16,64,0x0,0x7f81fb7d93c0,5233300420775901,5233300466973943,5233300467151061,5233300467152337
116,"void elementwise_kernel<FillFunctor, Array >(int, FillFunctor<float>, Array<char*, 1>) ",2,0,162,258074,258074,4194304,256,0,0,4,4,16,64,0x0,0x7f81fb7d98c0,5233300420784588,5233300467151061,5233300467200341,5233300467201599
117,_kernel_0d1d2d3d4d5d6d7c8d9c10d11c.kd,2,0,163,258074,258074,4194304,256,61440,0,128,16,48,64,0x0,0x7f81fbf18680,5233300420833138,5233300467200341,5233300490153444,5233300490155194
118,"void elementwise_kernel<FillFunctor, Array >(int, FillFunctor<int>, Array<char*, 1>) ",2,0,164,258074,258074,16000000,256,0,0,4,4,16,64,0x0,0x7f81fb7d93c0,5233300420845522,5233300490153444,5233300490332644,5233300490333928
119,"void elementwise_kernel<FillFunctor, Array >(int, FillFunctor<float>, Array<char*, 1>) ",2,0,165,258074,258074,4194304,256,0,0,4,4,16,64,0x0,0x7f81fb7d98c0,5233300420853757,5233300490332644,5233300490380484,5233300490381727
120,_kernel_0d1d2d3d4d5d6d7c8d9c10d11c.kd,2,0,166,258074,258074,4194304,256,61440,0,128,16,48,64,0x0,0x7f81fbf18680,5233300420918648,5233300490380484,5233300513351187,5233300513352684
121,"void elementwise_kernel<FillFunctor, Array >(int, FillFunctor<int>, Array<char*, 1>) ",2,0,167,258074,258074,16000000,256,0,0,4,4,16,64,0x0,0x7f81fb7d93c0,5233300420932063,5233300513351187,5233300513526547,5233300513527902
122,"void elementwise_kernel<FillFunctor, Array >(int, FillFunctor<float>, Array<char*, 1>) ",2,0,168,258074,258074,4194304,256,0,0,4,4,16,64,0x0,0x7f81fb7d98c0,5233300420940700,5233300513526547,5233300513576627,5233300513577755
123,_kernel_0d1d2d3d4d5d6d7c8d9c10d11c.kd,2,0,169,258074,258074,4194304,256,61440,0,128,16,48,64,0x0,0x7f81fbf18680,5233300420986826,5233300513576569,5233300536516711,5233300536521541
124,"void elementwise_kernel<FillFunctor, Array >(int, FillFunctor<float>, Array<char*, 1>) ",2,0,171,258074,258074,4194304,256,0,0,4,4,16,64,0x0,0x7f81fb7d98c0,5233300536562888,5233300536578309,5233300536625189,5233300536626397
125,_kernel_0d1d2d3d4d5d6d7c8d9c10d11c.kd,2,0,172,258074,258074,4194304,256,61440,0,128,16,48,64,0x0,0x7f81fbf18680,5233300536629943,5233300536638309,5233300559594131,5233300559659410
126,"void elementwise_kernel<FillFunctor, Array >(int, FillFunctor<int>, Array<char*, 1>) ",2,0,173,258074,258074,16000000,256,0,0,4,4,16,64,0x0,0x7f81fb7d93c0,5233300536642557,5233300559594131,5233300559770131,5233300559772161
127,"void elementwise_kernel<FillFunctor, Array >(int, FillFunctor<float>, Array<char*, 1>) ",2,0,175,258074,258074,4194304,256,0,0,4,4,16,64,0x0,0x7f81fb7d98c0,5233300536675429,5233300559783571,5233300559830451,5233300559833466
128,_kernel_0d1d2d3d4d5d6d7c8d9c10d11c.kd,2,0,176,258074,258074,4194304,256,61440,0,128,16,48,64,0x0,0x7f81fbf18680,5233300536725492,5233300559830451,5233300582793793,5233300582795466
129,"void elementwise_kernel<FillFunctor, Array >(int, FillFunctor<int>, Array<char*, 1>) ",2,0,178,258074,258074,16000000,256,0,0,4,4,16,64,0x0,0x7f81fb7d93c0,5233300536754406,5233300582804993,5233300582981313,5233300582982436
130,"void elementwise_kernel<FillFunctor, Array >(int, FillFunctor<float>, Array<char*, 1>) ",2,0,180,258074,258074,4194304,256,0,0,4,4,16,64,0x0,0x7f81fb7d98c0,5233300536782349,5233300582993473,5233300583040673,5233300583041947
131,_kernel_0d1d2d3d4d5d6d7c8d9c10d11c.kd,2,0,181,258074,258074,4194304,256,61440,0,128,16,48,64,0x0,0x7f81fbf18680,5233300536830579,5233300583040690,5233300605991553,5233300605996703
132,"void elementwise_kernel<FillFunctor, Array >(int, FillFunctor<int>, Array<char*, 1>) ",2,0,183,258074,258074,16000000,256,0,0,4,4,16,64,0x0,0x7f81fb7d93c0,5233300536860405,5233300606002911,5233300606177471,5233300606178954
133,"void elementwise_kernel<FillFunctor, Array >(int, FillFunctor<float>, Array<char*, 1>) ",2,0,185,258074,258074,4194304,256,0,0,4,4,16,64,0x0,0x7f81fb7d98c0,5233300536887024,5233300606189471,5233300606235871,5233300606237293
134,_kernel_0d1d2d3d4d5d6d7c8d9c10d11c.kd,2,0,186,258074,258074,4194304,256,61440,0,128,16,48,64,0x0,0x7f81fbf18680,5233300536937839,5233300606235871,5233300629182093,5233300629183624
135,"void elementwise_kernel<FillFunctor, Array >(int, FillFunctor<int>, Array<char*, 1>) ",2,0,188,258074,258074,16000000,256,0,0,4,4,16,64,0x0,0x7f81fb7d93c0,5233300536966323,5233300629193453,5233300629372013,5233300629373238
136,"void elementwise_kernel<FillFunctor, Array >(int, FillFunctor<float>, Array<char*, 1>) ",2,0,190,258074,258074,4194304,256,0,0,4,4,16,64,0x0,0x7f81fb7d98c0,5233300536990378,5233300629384173,5233300629432173,5233300629434673
137,_kernel_0d1d2d3d4d5d6d7c8d9c10d11c.kd,2,0,191,258074,258074,4194304,256,61440,0,128,16,48,64,0x0,0x7f81fbf18680,5233300537040051,5233300629432173,5233300652381595,5233300652383088
138,"void elementwise_kernel<FillFunctor, Array >(int, FillFunctor<float>, Array<char*, 1>) ",2,0,193,258074,258074,4194304,256,0,0,4,4,16,64,0x0,0x7f81fb7d98c0,5233300652561511,5233300652578555,5233300652625595,5233300652626974
139,_kernel_0d1d2d3d4d5d6d7c8d9c10d11c.kd,2,0,194,258074,258074,4194304,256,40960,0,116,20,32,64,0x0,0x7f81fbf08680,5233300658108226,5233300658123774,5233300681114638,5233300681183398
140,"void elementwise_kernel<FillFunctor, Array >(int, FillFunctor<int>, Array<char*, 1>) ",2,0,197,258074,258074,16000000,256,0,0,4,4,16,64,0x0,0x7f81fb7d93c0,5233300681181104,5233300681212876,5233300681393516,5233300681394954
141,"void elementwise_kernel<FillFunctor, Array >(int, FillFunctor<float>, Array<char*, 1>) ",2,0,198,258074,258074,4194304,256,0,0,4,4,16,64,0x0,0x7f81fb7d98c0,5233300681214085,5233300681393516,5233300681446956,5233300681448504
142,_kernel_0d1d2d3d4d5d6d7c8d9c10d11c.kd,2,0,199,258074,258074,4194304,256,40960,0,116,20,32,64,0x0,0x7f81fbf08680,5233300681284537,5233300681446956,5233300704450940,5233300704516021
143,"void elementwise_kernel<FillFunctor, Array >(int, FillFunctor<int>, Array<char*, 1>) ",2,0,200,258074,258074,16000000,256,0,0,4,4,16,64,0x0,0x7f81fb7d93c0,5233300681297672,5233300704450940,5233300704627740,5233300704629403
144,"void elementwise_kernel<FillFunctor, Array >(int, FillFunctor<float>, Array<char*, 1>) ",2,0,201,258074,258074,4194304,256,0,0,4,4,16,64,0x0,0x7f81fb7d98c0,5233300681308582,5233300704627740,5233300704675900,5233300704677824
145,_kernel_0d1d2d3d4d5d6d7c8d9c10d11c.kd,2,0,202,258074,258074,4194304,256,40960,0,116,20,32,64,0x0,0x7f81fbf08680,5233300681360570,5233300704675900,5233300727664043,5233300727665512
146,"void elementwise_kernel<FillFunctor, Array >(int, FillFunctor<int>, Array<char*, 1>) ",2,0,203,258074,258074,16000000,256,0,0,4,4,16,64,0x0,0x7f81fb7d93c0,5233300681371791,5233300727664043,5233300727841163,5233300727842382
147,"void elementwise_kernel<FillFunctor, Array >(int, FillFunctor<float>, Array<char*, 1>) ",2,0,204,258074,258074,4194304,256,0,0,4,4,16,64,0x0,0x7f81fb7d98c0,5233300681379695,5233300727841163,5233300727890923,5233300727892106
148,_kernel_0d1d2d3d4d5d6d7c8d9c10d11c.kd,2,0,205,258074,258074,4194304,256,40960,0,116,20,32,64,0x0,0x7f81fbf08680,5233300681427505,5233300727890781,5233300750889803,5233300750895603
149,"void elementwise_kernel<FillFunctor, Array >(int, FillFunctor<int>, Array<char*, 1>) ",2,0,206,258074,258074,16000000,256,0,0,4,4,16,64,0x0,0x7f81fb7d93c0,5233300681440038,5233300750889803,5233300751069161,5233300751070340
150,"void elementwise_kernel<FillFunctor, Array >(int, FillFunctor<float>, Array<char*, 1>) ",2,0,207,258074,258074,4194304,256,0,0,4,4,16,64,0x0,0x7f81fb7d98c0,5233300681448895,5233300751069161,5233300751117961,5233300751119231
151,_kernel_0d1d2d3d4d5d6d7c8d9c10d11c.kd,2,0,208,258074,258074,4194304,256,40960,0,116,20,32,64,0x0,0x7f81fbf08680,5233300681512073,5233300751117961,5233300774091543,5233300774093173
152,"void elementwise_kernel<FillFunctor, Array >(int, FillFunctor<int>, Array<char*, 1>) ",2,0,209,258074,258074,16000000,256,0,0,4,4,16,64,0x0,0x7f81fb7d93c0,5233300681524777,5233300774091543,5233300774269143,5233300774270656
153,"void elementwise_kernel<FillFunctor, Array >(int, FillFunctor<float>, Array<char*, 1>) ",2,0,210,258074,258074,4194304,256,0,0,4,4,16,64,0x0,0x7f81fb7d98c0,5233300681532852,5233300774269143,5233300774316983,5233300774318205
154,_kernel_0d1d2d3d4d5d6d7c8d9c10d11c.kd,2,0,211,258074,258074,4194304,256,40960,0,116,20,32,64,0x0,0x7f81fbf08680,5233300681578277,5233300774316983,5233300797320804,5233300797322373
155,"void elementwise_kernel<FillFunctor, Array >(int, FillFunctor<float>, Array<char*, 1>) ",2,0,213,258074,258074,4194304,256,0,0,4,4,16,64,0x0,0x7f81fb7d98c0,5233300797366756,5233300797384484,5233300797432484,5233300797433982
156,_kernel_0d1d2d3d4d5d6d7c8d9c10d11c.kd,2,0,214,258074,258074,4194304,256,40960,0,116,20,32,64,0x0,0x7f81fbf08680,5233300797433201,5233300797458702,5233300820428926,5233300820500077
157,"void elementwise_kernel<FillFunctor, Array >(int, FillFunctor<int>, Array<char*, 1>) ",2,0,215,258074,258074,16000000,256,0,0,4,4,16,64,0x0,0x7f81fb7d93c0,5233300797461033,5233300820428926,5233300820607004,5233300820608900
158,"void elementwise_kernel<FillFunctor, Array >(int, FillFunctor<float>, Array<char*, 1>) ",2,0,217,258074,258074,4194304,256,0,0,4,4,16,64,0x0,0x7f81fb7d98c0,5233300797496910,5233300820620444,5233300820668284,5233300820670095
159,_kernel_0d1d2d3d4d5d6d7c8d9c10d11c.kd,2,0,218,258074,258074,4194304,256,40960,0,116,20,32,64,0x0,0x7f81fbf08680,5233300797548787,5233300820668284,5233300843632748,5233300843634479
160,"void elementwise_kernel<FillFunctor, Array >(int, FillFunctor<int>, Array<char*, 1>) ",2,0,220,258074,258074,16000000,256,0,0,4,4,16,64,0x0,0x7f81fb7d93c0,5233300797578272,5233300843644268,5233300843818668,5233300843820116
161,"void elementwise_kernel<FillFunctor, Array >(int, FillFunctor<float>, Array<char*, 1>) ",2,0,222,258074,258074,4194304,256,0,0,4,4,16,64,0x0,0x7f81fb7d98c0,5233300797602878,5233300843830828,5233300843882188,5233300843883685
162,_kernel_0d1d2d3d4d5d6d7c8d9c10d11c.kd,2,0,223,258074,258074,4194304,256,40960,0,116,20,32,64,0x0,0x7f81fbf08680,5233300797652360,5233300843882188,5233300866902171,5233300866903924
163,"void elementwise_kernel<FillFunctor, Array >(int, FillFunctor<int>, Array<char*, 1>) ",2,0,225,258074,258074,16000000,256,0,0,4,4,16,64,0x0,0x7f81fb7d93c0,5233300797681435,5233300866913691,5233300867091131,5233300867092346
164,"void elementwise_kernel<FillFunctor, Array >(int, FillFunctor<float>, Array<char*, 1>) ",2,0,227,258074,258074,4194304,256,0,0,4,4,16,64,0x0,0x7f81fb7d98c0,5233300797705290,5233300867103291,5233300867149211,5233300867150806
165,_kernel_0d1d2d3d4d5d6d7c8d9c10d11c.kd,2,0,228,258074,258074,4194304,256,40960,0,116,20,32,64,0x0,0x7f81fbf08680,5233300797754031,5233300867149431,5233300890135818,5233300890140828
166,"void elementwise_kernel<FillFunctor, Array >(int, FillFunctor<int>, Array<char*, 1>) ",2,0,230,258074,258074,16000000,256,0,0,4,4,16,64,0x0,0x7f81fb7d93c0,5233300797782303,5233300890147336,5233300890323016,5233300890323790
167,"void elementwise_kernel<FillFunctor, Array >(int, FillFunctor<float>, Array<char*, 1>) ",2,0,232,258074,258074,4194304,256,0,0,4,4,16,64,0x0,0x7f81fb7d98c0,5233300797805727,5233300890335016,5233300890381736,5233300890382570
168,_kernel_0d1d2d3d4d5d6d7c8d9c10d11c.kd,2,0,233,258074,258074,4194304,256,40960,0,116,20,32,64,0x0,0x7f81fbf08680,5233300797852956,5233300890381736,5233300913389563,5233300913390626
169,"void elementwise_kernel<FillFunctor, Array >(int, FillFunctor<float>, Array<char*, 1>) ",2,0,235,258074,258074,4194304,256,0,0,4,4,16,64,0x0,0x7f81fb7d98c0,5233300913572186,5233300913590362,5233300913638362,5233300913639221
170,_kernel_0d1d2d3d4d5d6d7c8d9c10d11c.kd,2,0,236,258074,258074,8388608,256,61440,0,128,16,48,64,0x0,0x7f81fb820680,5233300920050243,5233300920065879,5233300943380104,5233300943446285
171,"void elementwise_kernel<FillFunctor, Array >(int, FillFunctor<int>, Array<char*, 1>) ",2,0,239,258074,258074,16000000,256,0,0,4,4,16,64,0x0,0x7f81fb7d93c0,5233300943453318,5233300943474344,5233300943653864,5233300943656398
172,"void elementwise_kernel<FillFunctor, Array >(int, FillFunctor<float>, Array<char*, 1>) ",2,0,240,258074,258074,4194304,256,0,0,4,4,16,64,0x0,0x7f81fb7d98c0,5233300943475760,5233300943653864,5233300943709064,5233300943710389
173,_kernel_0d1d2d3d4d5d6d7c8d9c10d11c.kd,2,0,241,258074,258074,8388608,256,61440,0,128,16,48,64,0x0,0x7f81fb820680,5233300943555279,5233300943709270,5233300967040459,5233300967111099
174,"void elementwise_kernel<FillFunctor, Array >(int, FillFunctor<int>, Array<char*, 1>) ",2,0,242,258074,258074,16000000,256,0,0,4,4,16,64,0x0,0x7f81fb7d93c0,5233300943569435,5233300967040459,5233300967221577,5233300967222808
175,"void elementwise_kernel<FillFunctor, Array >(int, FillFunctor<float>, Array<char*, 1>) ",2,0,243,258074,258074,4194304,256,0,0,4,4,16,64,0x0,0x7f81fb7d98c0,5233300943579955,5233300967221577,5233300967269097,5233300967699961
176,_kernel_0d1d2d3d4d5d6d7c8d9c10d11c.kd,2,0,244,258074,258074,8388608,256,61440,0,128,16,48,64,0x0,0x7f81fb820680,5233300943640859,5233300967269097,5233300990579486,5233300990580699
177,"void elementwise_kernel<FillFunctor, Array >(int, FillFunctor<int>, Array<char*, 1>) ",2,0,245,258074,258074,16000000,256,0,0,4,4,16,64,0x0,0x7f81fb7d93c0,5233300943653031,5233300990579486,5233300990761406,5233300990762749
178,"void elementwise_kernel<FillFunctor, Array >(int, FillFunctor<float>, Array<char*, 1>) ",2,0,246,258074,258074,4194304,256,0,0,4,4,16,64,0x0,0x7f81fb7d98c0,5233300943662359,5233300990761406,5233300990814526,5233300990815308
179,_kernel_0d1d2d3d4d5d6d7c8d9c10d11c.kd,2,0,247,258074,258074,8388608,256,61440,0,128,16,48,64,0x0,0x7f81fb820680,5233300943728903,5233300990814526,5233301014119954,5233301014120770
180,"void elementwise_kernel<FillFunctor, Array >(int, FillFunctor<int>, Array<char*, 1>) ",2,0,248,258074,258074,16000000,256,0,0,4,4,16,64,0x0,0x7f81fb7d93c0,5233300943746055,5233301014119954,5233301014296114,5233301014296900
181,"void elementwise_kernel<FillFunctor, Array >(int, FillFunctor<float>, Array<char*, 1>) ",2,0,249,258074,258074,4194304,256,0,0,4,4,16,64,0x0,0x7f81fb7d98c0,5233300943755994,5233301014296114,5233301014345714,5233301014346442
182,_kernel_0d1d2d3d4d5d6d7c8d9c10d11c.kd,2,0,250,258074,258074,8388608,256,61440,0,128,16,48,64,0x0,0x7f81fb820680,5233300943809905,5233301014345200,5233301037613343,5233301037618322
183,"void elementwise_kernel<FillFunctor, Array >(int, FillFunctor<int>, Array<char*, 1>) ",2,0,251,258074,258074,16000000,256,0,0,4,4,16,64,0x0,0x7f81fb7d93c0,5233300943822208,5233301037613343,5233301037790141,5233301037791546
184,"void elementwise_kernel<FillFunctor, Array >(int, FillFunctor<float>, Array<char*, 1>) ",2,0,252,258074,258074,4194304,256,0,0,4,4,16,64,0x0,0x7f81fb7d98c0,5233300943831034,5233301037790141,5233301037841021,5233301037842301
185,_kernel_0d1d2d3d4d5d6d7c8d9c10d11c.kd,2,0,253,258074,258074,8388608,256,61440,0,128,16,48,64,0x0,0x7f81fb820680,5233300943880828,5233301037841021,5233301061157004,5233301061158173
186,"void elementwise_kernel<FillFunctor, Array >(int, FillFunctor<float>, Array<char*, 1>) ",2,0,255,258074,258074,4194304,256,0,0,4,4,16,64,0x0,0x7f81fb7d98c0,5233301061203938,5233301061219884,5233301061267244,5233301061268569
187,_kernel_0d1d2d3d4d5d6d7c8d9c10d11c.kd,2,0,256,258074,258074,8388608,256,61440,0,128,16,48,64,0x0,0x7f81fb820680,5233301061269851,5233301061288844,5233301084605466,5233301084671063
188,"void elementwise_kernel<FillFunctor, Array >(int, FillFunctor<int>, Array<char*, 1>) ",2,0,257,258074,258074,16000000,256,0,0,4,4,16,64,0x0,0x7f81fb7d93c0,5233301061290921,5233301084605466,5233301084784506,5233301084786669
189,"void elementwise_kernel<FillFunctor, Array >(int, FillFunctor<float>, Array<char*, 1>) ",2,0,259,258074,258074,4194304,256,0,0,4,4,16,64,0x0,0x7f81fb7d98c0,5233301061325696,5233301084798106,5233301084845946,5233301084848705
190,_kernel_0d1d2d3d4d5d6d7c8d9c10d11c.kd,2,0,260,258074,258074,8388608,256,61440,0,128,16,48,64,0x0,0x7f81fb820680,5233301061378004,5233301084845899,5233301108209241,5233301108214600
191,"void elementwise_kernel<FillFunctor, Array >(int, FillFunctor<int>, Array<char*, 1>) ",2,0,262,258074,258074,16000000,256,0,0,4,4,16,64,0x0,0x7f81fb7d93c0,5233301061408210,5233301108220919,5233301108398519,5233301108399937
192,"void elementwise_kernel<FillFunctor, Array >(int, FillFunctor<float>, Array<char*, 1>) ",2,0,264,258074,258074,4194304,256,0,0,4,4,16,64,0x0,0x7f81fb7d98c0,5233301061433758,5233301108410679,5233301108457559,5233301108458888
193,_kernel_0d1d2d3d4d5d6d7c8d9c10d11c.kd,2,0,265,258074,258074,8388608,256,61440,0,128,16,48,64,0x0,0x7f81fb820680,5233301061484243,5233301108457559,5233301131776581,5233301131778176
194,"void elementwise_kernel<FillFunctor, Array >(int, FillFunctor<int>, Array<char*, 1>) ",2,0,267,258074,258074,16000000,256,0,0,4,4,16,64,0x0,0x7f81fb7d93c0,5233301061514589,5233301131788261,5233301131963301,5233301131964604
195,"void elementwise_kernel<FillFunctor, Array >(int, FillFunctor<float>, Array<char*, 1>) ",2,0,269,258074,258074,4194304,256,0,0,4,4,16,64,0x0,0x7f81fb7d98c0,5233301061539656,5233301131975461,5233301132022341,5233301132024587
196,_kernel_0d1d2d3d4d5d6d7c8d9c10d11c.kd,2,0,270,258074,258074,8388608,256,61440,0,128,16,48,64,0x0,0x7f81fb820680,5233301061588758,5233301132022341,5233301155215923,5233301155217438
197,"void elementwise_kernel<FillFunctor, Array >(int, FillFunctor<int>, Array<char*, 1>) ",2,0,272,258074,258074,16000000,256,0,0,4,4,16,64,0x0,0x7f81fb7d93c0,5233301061618093,5233301155227923,5233301155406963,5233301155408406
198,"void elementwise_kernel<FillFunctor, Array >(int, FillFunctor<float>, Array<char*, 1>) ",2,0,274,258074,258074,4194304,256,0,0,4,4,16,64,0x0,0x7f81fb7d98c0,5233301061642649,5233301155419283,5233301155466163,5233301155467396
199,_kernel_0d1d2d3d4d5d6d7c8d9c10d11c.kd,2,0,275,258074,258074,8388608,256,61440,0,128,16,48,64,0x0,0x7f81fb820680,5233301061691791,5233301155466177,5233301178789679,5233301178794859
200,"void elementwise_kernel<FillFunctor, Array >(int, FillFunctor<float>, Array<char*, 1>) ",2,0,277,258074,258074,4194304,256,0,0,4,4,16,64,0x0,0x7f81fb7d98c0,5233301178987430,5233301179005677,5233301179052397,5233301179053743
201,_kernel_0d1d2d3d4d5d6d7c8d9c10d11c.kd,2,0,278,258074,258074,8388608,256,40960,0,116,20,32,64,0x0,0x7f81fb810680,5233301184892455,5233301184907433,5233301208209495,5233301208275642
202,"void elementwise_kernel<FillFunctor, Array >(int, FillFunctor<int>, Array<char*, 1>) ",2,0,281,258074,258074,16000000,256,0,0,4,4,16,64,0x0,0x7f81fb7d93c0,5233301208278518,5233301208305975,5233301208487575,5233301208489212
203,"void elementwise_kernel<FillFunctor, Array >(int, FillFunctor<float>, Array<char*, 1>) ",2,0,282,258074,258074,4194304,256,0,0,4,4,16,64,0x0,0x7f81fb7d98c0,5233301208306981,5233301208487575,5233301208537494,5233301208539466
204,_kernel_0d1d2d3d4d5d6d7c8d9c10d11c.kd,2,0,283,258074,258074,8388608,256,40960,0,116,20,32,64,0x0,0x7f81fb810680,5233301208377513,5233301208537494,5233301231882756,5233301231948392
205,"void elementwise_kernel<FillFunctor, Array >(int, FillFunctor<int>, Array<char*, 1>) ",2,0,284,258074,258074,16000000,256,0,0,4,4,16,64,0x0,0x7f81fb7d93c0,5233301208391479,5233301231882756,5233301232060196,5233301232062074
206,"void elementwise_kernel<FillFunctor, Array >(int, FillFunctor<float>, Array<char*, 1>) ",2,0,285,258074,258074,4194304,256,0,0,4,4,16,64,0x0,0x7f81fb7d98c0,5233301208401468,5233301232060196,5233301232108996,5233301232110796
207,_kernel_0d1d2d3d4d5d6d7c8d9c10d11c.kd,2,0,286,258074,258074,8388608,256,40960,0,116,20,32,64,0x0,0x7f81fb810680,5233301208452323,5233301232109026,5233301255421969,5233301255427128
208,"void elementwise_kernel<FillFunctor, Array >(int, FillFunctor<int>, Array<char*, 1>) ",2,0,287,258074,258074,16000000,256,0,0,4,4,16,64,0x0,0x7f81fb7d93c0,5233301208463624,5233301255421969,5233301255599247,5233301255600472
209,"void elementwise_kernel<FillFunctor, Array >(int, FillFunctor<float>, Array<char*, 1>) ",2,0,288,258074,258074,4194304,256,0,0,4,4,16,64,0x0,0x7f81fb7d98c0,5233301208471439,5233301255599247,5233301255648687,5233301255650005
210,_kernel_0d1d2d3d4d5d6d7c8d9c10d11c.kd,2,0,289,258074,258074,8388608,256,40960,0,116,20,32,64,0x0,0x7f81fb810680,5233301208517264,5233301255648687,5233301278990910,5233301278992537
211,"void elementwise_kernel<FillFunctor, Array >(int, FillFunctor<int>, Array<char*, 1>) ",2,0,290,258074,258074,16000000,256,0,0,4,4,16,64,0x0,0x7f81fb7d93c0,5233301208529697,5233301278990910,5233301279167389,5233301279168606
212,"void elementwise_kernel<FillFunctor, Array >(int, FillFunctor<float>, Array<char*, 1>) ",2,0,291,258074,258074,4194304,256,0,0,4,4,16,64,0x0,0x7f81fb7d98c0,5233301208537732,5233301279167389,5233301279215709,5233301279217237
213,_kernel_0d1d2d3d4d5d6d7c8d9c10d11c.kd,2,0,292,258074,258074,8388608,256,40960,0,116,20,32,64,0x0,0x7f81fb810680,5233301208583989,5233301279215709,5233301302487532,5233301302489026
214,"void elementwise_kernel<FillFunctor, Array >(int, FillFunctor<int>, Array<char*, 1>) ",2,0,293,258074,258074,16000000,256,0,0,4,4,16,64,0x0,0x7f81fb7d93c0,5233301208596032,5233301302487532,5233301302667852,5233301302669133
215,"void elementwise_kernel<FillFunctor, Array >(int, FillFunctor<float>, Array<char*, 1>) ",2,0,294,258074,258074,4194304,256,0,0,4,4,16,64,0x0,0x7f81fb7d98c0,5233301208604537,5233301302667852,5233301302716012,5233301302717313
216,_kernel_0d1d2d3d4d5d6d7c8d9c10d11c.kd,2,0,295,258074,258074,8388608,256,40960,0,116,20,32,64,0x0,0x7f81fb810680,5233301208648379,5233301302716207,5233301326031712,5233301326036692
217,"void elementwise_kernel<FillFunctor, Array >(int, FillFunctor<float>, Array<char*, 1>) ",2,0,297,258074,258074,4194304,256,0,0,4,4,16,64,0x0,0x7f81fb7d98c0,5233301326085633,5233301326101470,5233301326148670,5233301326149873
218,_kernel_0d1d2d3d4d5d6d7c8d9c10d11c.kd,2,0,298,258074,258074,8388608,256,40960,0,116,20,32,64,0x0,0x7f81fb810680,5233301326152258,5233301326170270,5233301349480975,5233301349545134
219,"void elementwise_kernel<FillFunctor, Array >(int, FillFunctor<int>, Array<char*, 1>) ",2,0,299,258074,258074,16000000,256,0,0,4,4,16,64,0x0,0x7f81fb7d93c0,5233301326172135,5233301349480975,5233301349662575,5233301349664427
220,"void elementwise_kernel<FillFunctor, Array >(int, FillFunctor<float>, Array<char*, 1>) ",2,0,301,258074,258074,4194304,256,0,0,4,4,16,64,0x0,0x7f81fb7d98c0,5233301326210316,5233301349675855,5233301349722255,5233301349725060
221,_kernel_0d1d2d3d4d5d6d7c8d9c10d11c.kd,2,0,302,258074,258074,8388608,256,40960,0,116,20,32,64,0x0,0x7f81fb810680,5233301326263796,5233301349722255,5233301373044319,5233301373045801
222,"void elementwise_kernel<FillFunctor, Array >(int, FillFunctor<int>, Array<char*, 1>) ",2,0,304,258074,258074,16000000,256,0,0,4,4,16,64,0x0,0x7f81fb7d93c0,5233301326295005,5233301373055839,5233301373234559,5233301373235827
223,"void elementwise_kernel<FillFunctor, Array >(int, FillFunctor<float>, Array<char*, 1>) ",2,0,306,258074,258074,4194304,256,0,0,4,4,16,64,0x0,0x7f81fb7d98c0,5233301326320603,5233301373246879,5233301373293439,5233301373294947
224,_kernel_0d1d2d3d4d5d6d7c8d9c10d11c.kd,2,0,307,258074,258074,8388608,256,40960,0,116,20,32,64,0x0,0x7f81fb810680,5233301326370616,5233301373293231,5233301396586814,5233301396591954
225,"void elementwise_kernel<FillFunctor, Array >(int, FillFunctor<int>, Array<char*, 1>) ",2,0,309,258074,258074,16000000,256,0,0,4,4,16,64,0x0,0x7f81fb7d93c0,5233301326400843,5233301396598492,5233301396774332,5233301396775627
226,"void elementwise_kernel<FillFunctor, Array >(int, FillFunctor<float>, Array<char*, 1>) ",2,0,311,258074,258074,4194304,256,0,0,4,4,16,64,0x0,0x7f81fb7d98c0,5233301326424507,5233301396786492,5233301396834172,5233301396835469
227,_kernel_0d1d2d3d4d5d6d7c8d9c10d11c.kd,2,0,312,258074,258074,8388608,256,40960,0,116,20,32,64,0x0,0x7f81fb810680,5233301326473809,5233301396834172,5233301420165675,5233301420166931
228,"void elementwise_kernel<FillFunctor, Array >(int, FillFunctor<int>, Array<char*, 1>) ",2,0,314,258074,258074,16000000,256,0,0,4,4,16,64,0x0,0x7f81fb7d93c0,5233301326502994,5233301420177034,5233301420350794,5233301420352057
229,"void elementwise_kernel<FillFunctor, Array >(int, FillFunctor<float>, Array<char*, 1>) ",2,0,316,258074,258074,4194304,256,0,0,4,4,16,64,0x0,0x7f81fb7d98c0,5233301326526398,5233301420362954,5233301420411114,5233301420412210
230,_kernel_0d1d2d3d4d5d6d7c8d9c10d11c.kd,2,0,317,258074,258074,8388608,256,40960,0,116,20,32,64,0x0,0x7f81fb810680,5233301326574538,5233301420411114,5233301443707737,5233301443709136
231,_kernel_0d1d2d3d4d5d6d7c8d9c10d11c.kd,2,0,319,258074,258074,1048576,128,61440,0,8,144,48,64,0x0,0x7f81fb7b8680,5233301450156486,5233301450172209,5233301485581307,5233301485651137
232,"void elementwise_kernel<FillFunctor, Array >(int, FillFunctor<int>, Array<char*, 1>) ",2,0,322,258074,258074,16000000,256,0,0,4,4,16,64,0x0,0x7f81fb7d93c0,5233301485648513,5233301485680985,5233301485860665,5233301485861872
233,_kernel_0d1d2d3d4d5d6d7c8d9c10d11c.kd,2,0,323,258074,258074,1048576,128,61440,0,8,144,48,64,0x0,0x7f81fb7b8680,5233301485739372,5233301485860665,5233301521255363,5233301521320706
234,"void elementwise_kernel<FillFunctor, Array >(int, FillFunctor<int>, Array<char*, 1>) ",2,0,324,258074,258074,16000000,256,0,0,4,4,16,64,0x0,0x7f81fb7d93c0,5233301485756685,5233301521255363,5233301521431363,5233301521432996
235,_kernel_0d1d2d3d4d5d6d7c8d9c10d11c.kd,2,0,325,258074,258074,1048576,128,61440,0,8,144,48,64,0x0,0x7f81fb7b8680,5233301485809363,5233301521431360,5233301556836298,5233301556841437
236,"void elementwise_kernel<FillFunctor, Array >(int, FillFunctor<int>, Array<char*, 1>) ",2,0,326,258074,258074,16000000,256,0,0,4,4,16,64,0x0,0x7f81fb7d93c0,5233301485821486,5233301556836298,5233301557015336,5233301557016454
237,_kernel_0d1d2d3d4d5d6d7c8d9c10d11c.kd,2,0,327,258074,258074,1048576,128,61440,0,8,144,48,64,0x0,0x7f81fb7b8680,5233301485868384,5233301557015336,5233301592404274,5233301592405579
238,"void elementwise_kernel<FillFunctor, Array >(int, FillFunctor<int>, Array<char*, 1>) ",2,0,328,258074,258074,16000000,256,0,0,4,4,16,64,0x0,0x7f81fb7d93c0,5233301485889644,5233301592404274,5233301592580434,5233301592581458
239,_kernel_0d1d2d3d4d5d6d7c8d9c10d11c.kd,2,0,329,258074,258074,1048576,128,61440,0,8,144,48,64,0x0,0x7f81fb7b8680,5233301485940619,5233301592580366,5233301627976023,5233301627981002
240,"void elementwise_kernel<FillFunctor, Array >(int, FillFunctor<int>, Array<char*, 1>) ",2,0,330,258074,258074,16000000,256,0,0,4,4,16,64,0x0,0x7f81fb7d93c0,5233301485951439,5233301627976023,5233301628152021,5233301628153054
241,_kernel_0d1d2d3d4d5d6d7c8d9c10d11c.kd,2,0,331,258074,258074,1048576,128,61440,0,8,144,48,64,0x0,0x7f81fb7b8680,5233301485996854,5233301628152021,5233301663548798,5233301663550073
242,_kernel_0d1d2d3d4d5d6d7c8d9c10d11c.kd,2,0,333,258074,258074,1048576,128,61440,0,8,144,48,64,0x0,0x7f81fb7b8680,5233301663638809,5233301663654891,5233301699048150,5233301699117030
243,"void elementwise_kernel<FillFunctor, Array >(int, FillFunctor<int>, Array<char*, 1>) ",2,0,334,258074,258074,16000000,256,0,0,4,4,16,64,0x0,0x7f81fb7d93c0,5233301663658185,5233301699048150,5233301699227508,5233301699228799
244,_kernel_0d1d2d3d4d5d6d7c8d9c10d11c.kd,2,0,336,258074,258074,1048576,128,61440,0,8,144,48,64,0x0,0x7f81fb7b8680,5233301663729248,5233301699240788,5233301734619487,5233301734620609
245,"void elementwise_kernel<FillFunctor, Array >(int, FillFunctor<int>, Array<char*, 1>) ",2,0,338,258074,258074,16000000,256,0,0,4,4,16,64,0x0,0x7f81fb7d93c0,5233301663759134,5233301734630527,5233301734808287,5233301734809212
246,_kernel_0d1d2d3d4d5d6d7c8d9c10d11c.kd,2,0,340,258074,258074,1048576,128,61440,0,8,144,48,64,0x0,0x7f81fb7b8680,5233301663822783,5233301734820003,5233301770209577,5233301770214416
247,_kernel_0d1d2d3d4d5d6d7c8d9c10d11c.kd,2,0,342,258074,258074,1048576,128,36864,0,8,144,48,64,0x0,0x7f81fb7a4680,5233301776336858,5233301776352611,5233301811594984,5233301811657695
248,"void elementwise_kernel<FillFunctor, Array >(int, FillFunctor<int>, Array<char*, 1>) ",2,0,345,258074,258074,16000000,256,0,0,4,4,16,64,0x0,0x7f81fb7d93c0,5233301811660370,5233301811685544,5233301811868424,5233301811870022
249,_kernel_0d1d2d3d4d5d6d7c8d9c10d11c.kd,2,0,346,258074,258074,1048576,128,36864,0,8,144,48,64,0x0,0x7f81fb7a4680,5233301811744487,5233301811868815,5233301847097274,5233301847166474
250,"void elementwise_kernel<FillFunctor, Array >(int, FillFunctor<int>, Array<char*, 1>) ",2,0,347,258074,258074,16000000,256,0,0,4,4,16,64,0x0,0x7f81fb7d93c0,5233301811760988,5233301847097274,5233301847275032,5233301847276430
251,_kernel_0d1d2d3d4d5d6d7c8d9c10d11c.kd,2,0,348,258074,258074,1048576,128,36864,0,8,144,48,64,0x0,0x7f81fb7a4680,5233301811814158,5233301847275032,5233301882502691,5233301882504142
252,"void elementwise_kernel<FillFunctor, Array >(int, FillFunctor<int>, Array<char*, 1>) ",2,0,349,258074,258074,16000000,256,0,0,4,4,16,64,0x0,0x7f81fb7d93c0,5233301811826120,5233301882502691,5233301882683651,5233301882684670
253,_kernel_0d1d2d3d4d5d6d7c8d9c10d11c.kd,2,0,350,258074,258074,1048576,128,36864,0,8,144,48,64,0x0,0x7f81fb7a4680,5233301811873479,5233301882683275,5233301917910929,5233301917915909
254,"void elementwise_kernel<FillFunctor, Array >(int, FillFunctor<int>, Array<char*, 1>) ",2,0,351,258074,258074,16000000,256,0,0,4,4,16,64,0x0,0x7f81fb7d93c0,5233301811896662,5233301917910929,5233301918085487,5233301918086879
255,_kernel_0d1d2d3d4d5d6d7c8d9c10d11c.kd,2,0,352,258074,258074,1048576,128,36864,0,8,144,48,64,0x0,0x7f81fb7a4680,5233301811948249,5233301918085487,5233301953309621,5233301953311185
256,"void elementwise_kernel<FillFunctor, Array >(int, FillFunctor<int>, Array<char*, 1>) ",2,0,353,258074,258074,16000000,256,0,0,4,4,16,64,0x0,0x7f81fb7d93c0,5233301811958999,5233301953309621,5233301953488021,5233301953489228
257,_kernel_0d1d2d3d4d5d6d7c8d9c10d11c.kd,2,0,354,258074,258074,1048576,128,36864,0,8,144,48,64,0x0,0x7f81fb7a4680,5233301812005115,5233301953488154,5233301988716930,5233301988721589
258,_kernel_0d1d2d3d4d5d6d7c8d9c10d11c.kd,2,0,356,258074,258074,1048576,128,36864,0,8,144,48,64,0x0,0x7f81fb7a4680,5233301988800056,5233301988821728,5233302024045544,5233302024110774
259,"void elementwise_kernel<FillFunctor, Array >(int, FillFunctor<int>, Array<char*, 1>) ",2,0,357,258074,258074,16000000,256,0,0,4,4,16,64,0x0,0x7f81fb7d93c0,5233301988826736,5233302024045544,5233302024222183,5233302024223815
260,_kernel_0d1d2d3d4d5d6d7c8d9c10d11c.kd,2,0,359,258074,258074,1048576,128,36864,0,8,144,48,64,0x0,0x7f81fb7a4680,5233301988899312,5233302024235418,5233302059464993,5233302059469813
261,"void elementwise_kernel<FillFunctor, Array >(int, FillFunctor<int>, Array<char*, 1>) ",2,0,361,258074,258074,16000000,256,0,0,4,4,16,64,0x0,0x7f81fb7d93c0,5233301988929037,5233302059476031,5233302059653151,5233302059654247
262,_kernel_0d1d2d3d4d5d6d7c8d9c10d11c.kd,2,0,363,258074,258074,1048576,128,36864,0,8,144,48,64,0x0,0x7f81fb7a4680,5233301988990743,5233302059665311,5233302094898246,5233302094899553
263,"void elementwise_kernel<FillFunctor, Array >(int, FillFunctor<float>, Array<char*, 1>) ",2,0,365,258074,258074,4194304,256,0,0,4,4,16,64,0x0,0x7f81fb7d98c0,5233302095067166,5233302095084646,5233302095130566,5233302095131777
264,_kernel_0d1d2d3d4d5d6d7c8d9c10d11c.kd,2,0,366,258074,258074,2097152,256,61440,0,128,16,48,64,0x0,0x7f81fbf38680,5233302095142718,5233302095155526,5233302117745109,5233302117809425
